"timestamp","cpu_percent","mem_available_mb","pagefile_percent","disk_time_percent","disk_mb_sec","gpu_temp_c","gpu_util_percent","gpu_mem_util_percent","gpu_mem_used_mb","gpu_mem_total_mb","gpu_power_w","gpu_power_limit_w","gpu_clock_mhz","gpu_mem_clock_mhz","gpu_pstate","game_process","game_working_set_mb","top_memory_process","top_memory_working_set_mb"
"2026-05-31T17:06:02","73.27","39496","0.01","0.33","2.38","69","84","29","10712","16376","222.55","320","2670","11501","P0","TheOuterWorlds2-WinGDK-Shipping","8821.2","TheOuterWorlds2-WinGDK-Shipping","8825.2"
"2026-05-31T17:06:08","43.26","39374","0.01","0.21","1.67","68","86","27","10764","16376","227.81","320","2670","11501","P0","TheOuterWorlds2-WinGDK-Shipping","8934.9","TheOuterWorlds2-WinGDK-Shipping","8937.1"
"2026-05-31T17:06:13","40.06","39368","0.01","0.03","0.5","69","87","28","10687","16376","236.36","320","2670","11501","P0","TheOuterWorlds2-WinGDK-Shipping","8934.7","TheOuterWorlds2-WinGDK-Shipping","8934.7"
"2026-05-31T17:06:18","39.28","39334","0.01","0.84","5.82","69","89","30","10735","16376","238.85","320","2670","11501","P0","TheOuterWorlds2-WinGDK-Shipping","8952.3","TheOuterWorlds2-WinGDK-Shipping","8952.3"
"2026-05-31T17:06:24","41.81","39357","0.01","0.28","0.55","68","87","29","10703","16376","230.94","320","2670","11501","P0","TheOuterWorlds2-WinGDK-Shipping","8950","TheOuterWorlds2-WinGDK-Shipping","8950"
"2026-05-31T17:06:29","41.24","39367","0.01","0.75","2.57","68","88","30","10694","16376","239.86","320","2670","11501","P0","TheOuterWorlds2-WinGDK-Shipping","8952.5","TheOuterWorlds2-WinGDK-Shipping","8952.5"
"2026-05-31T17:06:34","55.14","39273","0.01","0.06","0.84","69","86","30","10728","16376","231.03","320","2670","11501","P0","TheOuterWorlds2-WinGDK-Shipping","8973.6","TheOuterWorlds2-WinGDK-Shipping","8974.3"
"2026-05-31T17:06:39","37.83","39284","0.01","0.94","6.99","67","89","30","10742","16376","234.37","320","2670","11501","P0","TheOuterWorlds2-WinGDK-Shipping","8971.3","TheOuterWorlds2-WinGDK-Shipping","8966.9"
"2026-05-31T17:06:44","46.42","39250","0.01","1.05","8.06","69","83","27","10790","16376","237.24","320","2670","11501","P0","TheOuterWorlds2-WinGDK-Shipping","8987.6","TheOuterWorlds2-WinGDK-Shipping","8987.6"
"2026-05-31T17:06:49","38.99","39236","0.01","0.25","6.47","68","84","27","10742","16376","228.73","320","2670","11501","P0","TheOuterWorlds2-WinGDK-Shipping","9000.8","TheOuterWorlds2-WinGDK-Shipping","9000.9"
"2026-05-31T17:06:54","44.49","39301","0.01","0.8","8.35","67","83","29","10746","16376","234.51","320","2670","11501","P0","TheOuterWorlds2-WinGDK-Shipping","8989.6","TheOuterWorlds2-WinGDK-Shipping","8989.6"
"2026-05-31T17:06:59","49.21","39280","0.01","0.6","2.32","68","84","28","10766","16376","234.39","320","2670","11501","P0","TheOuterWorlds2-WinGDK-Shipping","8927.9","TheOuterWorlds2-WinGDK-Shipping","8925.4"
"2026-05-31T17:07:04","37.49","39208","0.01","0.33","1.98","69","87","30","10794","16376","236.67","320","2670","11501","P0","TheOuterWorlds2-WinGDK-Shipping","8936.2","TheOuterWorlds2-WinGDK-Shipping","8936.2"
"2026-05-31T17:07:09","47.04","39194","0.01","0.03","0.25","69","82","27","10750","16376","229.19","320","2670","11501","P0","TheOuterWorlds2-WinGDK-Shipping","8934.7","TheOuterWorlds2-WinGDK-Shipping","8934.7"
"2026-05-31T17:07:14","43.16","39216","0.01","0.08","0.72","68","88","31","10709","16376","231.4","320","2670","11501","P0","TheOuterWorlds2-WinGDK-Shipping","8927.5","TheOuterWorlds2-WinGDK-Shipping","8927.5"
"2026-05-31T17:07:20","48.98","39252","0.01","0.16","0.84","68","87","31","10725","16376","231.26","320","2670","11501","P0","TheOuterWorlds2-WinGDK-Shipping","8940.5","TheOuterWorlds2-WinGDK-Shipping","8940.5"
"2026-05-31T17:07:25","32.34","39270","0.01","1.67","6.94","58","0","1","9896","16376","143.24","320","2685","11501","P0","TheOuterWorlds2-WinGDK-Shipping","8923.8","TheOuterWorlds2-WinGDK-Shipping","8923.8"
"2026-05-31T17:07:30","18.82","40851","0.01","0.15","1.31","55","7","7","9369","16376","65.81","320","1080","5001","P3","TheOuterWorlds2-WinGDK-Shipping","7243.2","TheOuterWorlds2-WinGDK-Shipping","7243.2"
"2026-05-31T17:07:35","29.48","38741","0.01","5.23","0.76","55","89","28","10997","16376","52.33","320","1395","5001","P3","TheOuterWorlds2-WinGDK-Shipping","9623.8","TheOuterWorlds2-WinGDK-Shipping","9623.8"
"2026-05-31T17:07:40","46.67","39426","0.01","1.39","1.33","54","22","13","8126","16376","70.86","320","1140","5001","P3","TheOuterWorlds2-WinGDK-Shipping","8815","TheOuterWorlds2-WinGDK-Shipping","8820.5"
"2026-05-31T17:07:45","34.94","39129","0.01","0.81","3.29","58","40","12","10475","16376","177.84","320","2685","11501","P0","TheOuterWorlds2-WinGDK-Shipping","9125.9","TheOuterWorlds2-WinGDK-Shipping","9120.2"
"2026-05-31T17:07:50","39.03","39280","0.01","0.04","0.19","65","81","29","10681","16376","226.39","320","2685","11501","P0","TheOuterWorlds2-WinGDK-Shipping","8958.2","TheOuterWorlds2-WinGDK-Shipping","8958.3"
"2026-05-31T17:07:55","32.02","39307","0.01","2.7","1","58","40","5","10747","16376","113.18","320","2685","11501","P0","TheOuterWorlds2-WinGDK-Shipping","8923","TheOuterWorlds2-WinGDK-Shipping","8923"
"2026-05-31T17:08:00","36.97","39301","0.01","0.11","0.67","57","42","6","10465","16376","112.1","320","2685","11501","P0","TheOuterWorlds2-WinGDK-Shipping","8929.1","TheOuterWorlds2-WinGDK-Shipping","8929.1"
"2026-05-31T17:08:05","41.74","39301","0.01","0","0","64","92","32","10881","16376","239.56","320","2670","11501","P0","TheOuterWorlds2-WinGDK-Shipping","8989.8","TheOuterWorlds2-WinGDK-Shipping","8991.2"
"2026-05-31T17:08:10","55.78","39266","0.01","0.05","1.14","63","81","28","10913","16376","236.04","320","2670","11501","P0","TheOuterWorlds2-WinGDK-Shipping","9013.2","TheOuterWorlds2-WinGDK-Shipping","9015.2"
"2026-05-31T17:08:16","45.33","39142","0.01","5.01","3.15","67","84","29","10963","16376","231.25","320","2670","11501","P0","TheOuterWorlds2-WinGDK-Shipping","9167.3","TheOuterWorlds2-WinGDK-Shipping","9167.5"
"2026-05-31T17:08:21","37.61","39168","0.01","0.4","3.35","66","86","29","11022","16376","227.51","320","2670","11501","P0","TheOuterWorlds2-WinGDK-Shipping","9136.2","TheOuterWorlds2-WinGDK-Shipping","9136.2"
"2026-05-31T17:08:26","33.87","39144","0.01","0.05","0.99","68","89","32","10977","16376","237","320","2670","11501","P0","TheOuterWorlds2-WinGDK-Shipping","9145.6","TheOuterWorlds2-WinGDK-Shipping","9145.6"
"2026-05-31T17:08:31","32.72","39134","0.01","0.07","1.08","67","92","32","11042","16376","235.59","320","2670","11501","P0","TheOuterWorlds2-WinGDK-Shipping","9144.7","TheOuterWorlds2-WinGDK-Shipping","9145.6"
"2026-05-31T17:08:36","27.07","39144","0.01","0.07","0.14","69","90","32","10993","16376","242.61","320","2670","11501","P0","TheOuterWorlds2-WinGDK-Shipping","9138.6","TheOuterWorlds2-WinGDK-Shipping","9136.2"
"2026-05-31T17:08:41","30.38","39092","0.01","0.08","1.52","68","83","29","11029","16376","242.45","320","2670","11501","P0","TheOuterWorlds2-WinGDK-Shipping","9146.6","TheOuterWorlds2-WinGDK-Shipping","9146.8"
"2026-05-31T17:08:46","50.07","39108","0.01","0.4","3.21","67","90","29","11009","16376","232.63","320","2670","11501","P0","TheOuterWorlds2-WinGDK-Shipping","9143.4","TheOuterWorlds2-WinGDK-Shipping","9143.4"
"2026-05-31T17:08:51","32.69","39116","0.01","0.12","1.02","70","92","34","10985","16376","248.07","320","2670","11501","P0","TheOuterWorlds2-WinGDK-Shipping","9140.7","TheOuterWorlds2-WinGDK-Shipping","9140.7"
"2026-05-31T17:08:56","34.51","39106","0.01","0.1","0.21","68","89","29","10993","16376","242.35","320","2670","11501","P0","TheOuterWorlds2-WinGDK-Shipping","9144.1","TheOuterWorlds2-WinGDK-Shipping","9144.1"
"2026-05-31T17:09:01","35.92","39239","0.01","0.13","0.41","68","90","34","10890","16376","243.26","320","2670","11501","P0","TheOuterWorlds2-WinGDK-Shipping","9155.2","TheOuterWorlds2-WinGDK-Shipping","9155.2"
"2026-05-31T17:09:06","26.08","39327","0.01","0.02","0.1","60","42","6","10630","16376","115.15","320","2685","11501","P0","TheOuterWorlds2-WinGDK-Shipping","9091.7","TheOuterWorlds2-WinGDK-Shipping","9091.7"
"2026-05-31T17:09:12","66.6","39254","0.01","0.02","0.17","67","88","32","10916","16376","245.24","320","2670","11501","P0","TheOuterWorlds2-WinGDK-Shipping","9125.5","TheOuterWorlds2-WinGDK-Shipping","9126"
"2026-05-31T17:09:17","44.42","39295","0.01","0.03","0.12","69","92","32","10913","16376","244.85","320","2670","11501","P0","TheOuterWorlds2-WinGDK-Shipping","9121.1","TheOuterWorlds2-WinGDK-Shipping","9122"
"2026-05-31T17:09:22","45.34","39260","0.01","0.49","0.97","68","93","33","10953","16376","240.48","320","2670","11501","P0","TheOuterWorlds2-WinGDK-Shipping","9130.7","TheOuterWorlds2-WinGDK-Shipping","9130.7"
"2026-05-31T17:09:27","28.64","39278","0.01","0.02","0.09","68","90","33","10952","16376","245.08","320","2670","11501","P0","TheOuterWorlds2-WinGDK-Shipping","9122.2","TheOuterWorlds2-WinGDK-Shipping","9122.2"
"2026-05-31T17:09:32","39.27","39260","0.01","0.07","1.3","69","94","33","10913","16376","243.96","320","2670","11501","P0","TheOuterWorlds2-WinGDK-Shipping","9139.4","TheOuterWorlds2-WinGDK-Shipping","9138.8"
"2026-05-31T17:09:37","38.77","39231","0.01","0.07","0.93","68","90","30","10914","16376","243.53","320","2670","11501","P0","TheOuterWorlds2-WinGDK-Shipping","9149.4","TheOuterWorlds2-WinGDK-Shipping","9151"
"2026-05-31T17:09:42","38.87","39250","0.01","0.01","0.25","71","90","35","10909","16376","252.35","320","2670","11501","P0","TheOuterWorlds2-WinGDK-Shipping","9144.4","TheOuterWorlds2-WinGDK-Shipping","9144.4"
"2026-05-31T17:09:47","35.41","39234","0.01","0.07","0.52","68","89","31","10892","16376","249.93","320","2670","11501","P0","TheOuterWorlds2-WinGDK-Shipping","9145.2","TheOuterWorlds2-WinGDK-Shipping","9145.3"
"2026-05-31T17:09:52","41.21","39240","0.01","0.09","1.05","68","89","31","10913","16376","238.18","320","2670","11501","P0","TheOuterWorlds2-WinGDK-Shipping","9125.8","TheOuterWorlds2-WinGDK-Shipping","9125.8"
"2026-05-31T17:09:57","29.33","39330","0.01","0.05","0.47","61","43","6","10669","16376","114.17","320","2670","11501","P0","TheOuterWorlds2-WinGDK-Shipping","9088.8","TheOuterWorlds2-WinGDK-Shipping","9088.8"
"2026-05-31T17:10:02","47.29","39309","0.01","0.48","5.49","69","91","31","10891","16376","244.22","320","2670","11501","P0","TheOuterWorlds2-WinGDK-Shipping","9119","TheOuterWorlds2-WinGDK-Shipping","9122.4"
"2026-05-31T17:10:07","33.4","39283","0.01","0.34","1.92","69","90","29","10875","16376","229.06","320","2670","11501","P0","TheOuterWorlds2-WinGDK-Shipping","9141","TheOuterWorlds2-WinGDK-Shipping","9141"
"2026-05-31T17:10:13","59.55","39506","0.01","0.14","1.42","56","34","21","8360","16376","55.47","320","1170","5001","P3","TheOuterWorlds2-WinGDK-Shipping","8933.5","TheOuterWorlds2-WinGDK-Shipping","8934.4"
"2026-05-31T17:10:18","50.15","39267","0.01","0.45","2.38","62","89","20","10335","16376","179.55","320","2670","11501","P0","TheOuterWorlds2-WinGDK-Shipping","9065.6","TheOuterWorlds2-WinGDK-Shipping","9063.3"
"2026-05-31T17:10:23","32.29","39329","0.01","0.04","0.1","63","92","32","10663","16376","92.16","320","2685","11501","P0","TheOuterWorlds2-WinGDK-Shipping","8979.7","TheOuterWorlds2-WinGDK-Shipping","8981.5"
"2026-05-31T17:10:28","27.8","39360","0.01","0.05","0.41","68","92","32","10610","16376","246.26","320","2670","11501","P0","TheOuterWorlds2-WinGDK-Shipping","9030.7","TheOuterWorlds2-WinGDK-Shipping","9029.5"
"2026-05-31T17:10:33","30.9","39462","0.01","0.04","0.18","57","28","4","10527","16376","113.71","320","2685","11501","P0","TheOuterWorlds2-WinGDK-Shipping","8959.4","TheOuterWorlds2-WinGDK-Shipping","8959.4"
"2026-05-31T17:10:38","38.78","39399","0.01","0.02","0.09","67","93","31","10766","16376","248.29","320","2670","11501","P0","TheOuterWorlds2-WinGDK-Shipping","9006.4","TheOuterWorlds2-WinGDK-Shipping","9006.4"
"2026-05-31T17:10:43","32.33","39383","0.01","0.04","0.09","69","93","33","10771","16376","248.18","320","2670","11501","P0","TheOuterWorlds2-WinGDK-Shipping","9030.2","TheOuterWorlds2-WinGDK-Shipping","9030.4"
"2026-05-31T17:10:48","38.42","39350","0.01","0.45","3.74","68","94","33","10802","16376","243.18","320","2670","11501","P0","TheOuterWorlds2-WinGDK-Shipping","9038.8","TheOuterWorlds2-WinGDK-Shipping","9038.8"
"2026-05-31T17:10:53","28.97","39293","0.01","0","0","67","90","32","10804","16376","240.63","320","2670","11501","P0","TheOuterWorlds2-WinGDK-Shipping","9066.5","TheOuterWorlds2-WinGDK-Shipping","9094.5"
"2026-05-31T17:10:58","32.32","39133","0.01","0.04","0.74","68","91","33","10859","16376","243.52","320","2670","11501","P0","TheOuterWorlds2-WinGDK-Shipping","9242.2","TheOuterWorlds2-WinGDK-Shipping","9242.2"
"2026-05-31T17:11:03","37.59","39127","0.01","0.14","1.18","69","91","30","10871","16376","239.49","320","2670","11501","P0","TheOuterWorlds2-WinGDK-Shipping","9246.2","TheOuterWorlds2-WinGDK-Shipping","9246.2"
"2026-05-31T17:11:08","45.86","39188","0.01","0.29","3.72","70","90","31","10862","16376","236.76","320","2670","11501","P0","TheOuterWorlds2-WinGDK-Shipping","9196.9","TheOuterWorlds2-WinGDK-Shipping","9196.9"
"2026-05-31T17:11:14","38.25","39180","0.01","0.06","0.42","70","90","29","10875","16376","239.62","320","2670","11501","P0","TheOuterWorlds2-WinGDK-Shipping","9194.7","TheOuterWorlds2-WinGDK-Shipping","9195.2"
"2026-05-31T17:11:19","44.66","39092","0.01","0.38","2.7","70","94","32","10872","16376","248.32","320","2670","11501","P0","TheOuterWorlds2-WinGDK-Shipping","9194.1","TheOuterWorlds2-WinGDK-Shipping","9194.5"
"2026-05-31T17:11:24","39.29","39141","0.01","0.43","6.64","69","88","29","10903","16376","235.65","320","2670","11501","P0","TheOuterWorlds2-WinGDK-Shipping","9187.2","TheOuterWorlds2-WinGDK-Shipping","9187"
"2026-05-31T17:11:29","25.59","39144","0.01","0.04","0.06","69","89","33","10902","16376","250.02","320","2670","11501","P0","TheOuterWorlds2-WinGDK-Shipping","9184","TheOuterWorlds2-WinGDK-Shipping","9184"
"2026-05-31T17:11:34","31.56","39136","0.01","0.07","0.51","70","86","28","10875","16376","239.3","320","2670","11501","P0","TheOuterWorlds2-WinGDK-Shipping","9193.2","TheOuterWorlds2-WinGDK-Shipping","9190.1"
"2026-05-31T17:11:39","32.16","39083","0.01","0.07","1.48","67","89","27","10907","16376","223.45","320","2670","11501","P0","TheOuterWorlds2-WinGDK-Shipping","9236.6","TheOuterWorlds2-WinGDK-Shipping","9236.6"
"2026-05-31T17:11:44","34.23","39060","0.01","0.34","4.24","70","84","26","10939","16376","231.1","320","2670","11501","P0","TheOuterWorlds2-WinGDK-Shipping","9255.4","TheOuterWorlds2-WinGDK-Shipping","9255.4"
"2026-05-31T17:11:49","32.35","39102","0.01","0.06","0.81","68","89","27","10874","16376","228.3","320","2670","11501","P0","TheOuterWorlds2-WinGDK-Shipping","9239.5","TheOuterWorlds2-WinGDK-Shipping","9239.5"
"2026-05-31T17:11:54","32.29","39088","0.01","0.02","0.25","69","87","26","10874","16376","230.08","320","2670","11501","P0","TheOuterWorlds2-WinGDK-Shipping","9249.3","TheOuterWorlds2-WinGDK-Shipping","9251.9"
"2026-05-31T17:11:59","37.74","39072","0.01","0.05","0.11","69","91","29","10895","16376","232.33","320","2670","11501","P0","TheOuterWorlds2-WinGDK-Shipping","9246.6","TheOuterWorlds2-WinGDK-Shipping","9246.3"
"2026-05-31T17:12:04","40.87","39085","0.01","0.06","0.77","70","87","31","10867","16376","239.23","320","2670","11501","P0","TheOuterWorlds2-WinGDK-Shipping","9255.8","TheOuterWorlds2-WinGDK-Shipping","9255.8"
"2026-05-31T17:12:10","38.39","39072","0.01","0.1","0.47","67","88","30","10871","16376","232.19","320","2670","11501","P0","TheOuterWorlds2-WinGDK-Shipping","9239","TheOuterWorlds2-WinGDK-Shipping","9239"
"2026-05-31T17:12:15","32.84","39081","0.01","0.04","0.29","70","90","30","10903","16376","242.92","320","2670","11501","P0","TheOuterWorlds2-WinGDK-Shipping","9233.8","TheOuterWorlds2-WinGDK-Shipping","9233.9"
"2026-05-31T17:12:20","32.81","39108","0.01","0.06","0.75","70","88","29","10879","16376","244.04","320","2670","11501","P0","TheOuterWorlds2-WinGDK-Shipping","9214.1","TheOuterWorlds2-WinGDK-Shipping","9214.1"
"2026-05-31T17:12:25","33.37","39088","0.01","0.01","0.02","70","92","29","10911","16376","238.53","320","2670","11501","P0","TheOuterWorlds2-WinGDK-Shipping","9206.3","TheOuterWorlds2-WinGDK-Shipping","9206.4"
"2026-05-31T17:12:30","34.3","39085","0.01","0.35","3.83","68","90","29","10875","16376","237.63","320","2670","11501","P0","TheOuterWorlds2-WinGDK-Shipping","9209.7","TheOuterWorlds2-WinGDK-Shipping","9209.7"
"2026-05-31T17:12:35","58.37","39026","0.01","0.35","3.7","68","85","30","10871","16376","231.5","320","2670","11501","P0","TheOuterWorlds2-WinGDK-Shipping","9210.2","TheOuterWorlds2-WinGDK-Shipping","9210.2"
"2026-05-31T17:12:40","47.15","39040","0.01","0.3","1.43","70","89","32","10871","16376","242.22","320","2670","11501","P0","TheOuterWorlds2-WinGDK-Shipping","9209.6","TheOuterWorlds2-WinGDK-Shipping","9209.7"
"2026-05-31T17:12:45","37.34","39058","0.01","0.57","0.38","69","91","30","10875","16376","233.27","320","2670","11501","P0","TheOuterWorlds2-WinGDK-Shipping","9210.3","TheOuterWorlds2-WinGDK-Shipping","9210.3"
"2026-05-31T17:12:50","37.38","39072","0.01","0.04","0.74","69","85","29","10924","16376","232.64","320","2670","11501","P0","TheOuterWorlds2-WinGDK-Shipping","9226.4","TheOuterWorlds2-WinGDK-Shipping","9224.5"
"2026-05-31T17:12:55","35.22","39114","0.01","0.06","0.68","70","86","30","10884","16376","239.47","320","2670","11501","P0","TheOuterWorlds2-WinGDK-Shipping","9207.5","TheOuterWorlds2-WinGDK-Shipping","9207.5"
"2026-05-31T17:13:00","34.14","39114","0.01","0.04","0.38","69","89","30","10883","16376","232.17","320","2670","11501","P0","TheOuterWorlds2-WinGDK-Shipping","9233","TheOuterWorlds2-WinGDK-Shipping","9230.7"
"2026-05-31T17:13:06","39.8","39142","0.01","0.05","0.55","70","92","32","10883","16376","235.92","320","2670","11501","P0","TheOuterWorlds2-WinGDK-Shipping","9219.8","TheOuterWorlds2-WinGDK-Shipping","9221.9"
"2026-05-31T17:13:11","32.9","39188","0.01","0.03","0.27","70","90","33","10879","16376","238.07","320","2670","11501","P0","TheOuterWorlds2-WinGDK-Shipping","9170.4","TheOuterWorlds2-WinGDK-Shipping","9170.4"
"2026-05-31T17:13:16","33.34","39124","0.01","0.06","0.73","71","93","35","10844","16376","248.43","320","2670","11501","P0","TheOuterWorlds2-WinGDK-Shipping","9181.2","TheOuterWorlds2-WinGDK-Shipping","9182"
"2026-05-31T17:13:21","32.63","39135","0.01","0.03","0.06","69","93","33","10871","16376","248.21","320","2670","11501","P0","TheOuterWorlds2-WinGDK-Shipping","9183.7","TheOuterWorlds2-WinGDK-Shipping","9183.2"
"2026-05-31T17:13:26","31.44","39133","0.01","0.11","0.85","71","89","31","10876","16376","242.73","320","2670","11501","P0","TheOuterWorlds2-WinGDK-Shipping","9183.3","TheOuterWorlds2-WinGDK-Shipping","9185.2"
"2026-05-31T17:13:31","32.7","39123","0.01","0","0","68","92","32","10880","16376","241.09","320","2670","11501","P0","TheOuterWorlds2-WinGDK-Shipping","9188.2","TheOuterWorlds2-WinGDK-Shipping","9188.2"
"2026-05-31T17:13:36","34.45","39121","0.01","0.07","0.29","69","89","31","10880","16376","244.49","320","2670","11501","P0","TheOuterWorlds2-WinGDK-Shipping","9192.7","TheOuterWorlds2-WinGDK-Shipping","9192.7"
"2026-05-31T17:13:41","33.36","39150","0.01","0","0","72","90","33","10874","16376","244.93","320","2670","11501","P0","TheOuterWorlds2-WinGDK-Shipping","9184.4","TheOuterWorlds2-WinGDK-Shipping","9184.4"
"2026-05-31T17:13:46","44.81","39103","0.01","0.2","2.17","70","90","31","10912","16376","237.65","320","2670","11501","P0","TheOuterWorlds2-WinGDK-Shipping","9190.9","TheOuterWorlds2-WinGDK-Shipping","9190.9"
"2026-05-31T17:13:51","32.7","39118","0.01","0.07","1.34","70","96","33","10906","16376","243","320","2670","11501","P0","TheOuterWorlds2-WinGDK-Shipping","9205.1","TheOuterWorlds2-WinGDK-Shipping","9205.1"
"2026-05-31T17:13:56","29.81","39145","0.01","0.02","0.07","69","86","31","10918","16376","240.56","320","2670","11501","P0","TheOuterWorlds2-WinGDK-Shipping","9195.8","TheOuterWorlds2-WinGDK-Shipping","9195.8"
"2026-05-31T17:14:01","31.67","39106","0.01","5.13","3.88","69","89","30","10886","16376","241.19","320","2670","11501","P0","TheOuterWorlds2-WinGDK-Shipping","9210.4","TheOuterWorlds2-WinGDK-Shipping","9210.4"
"2026-05-31T17:14:07","33.7","39241","0.01","0.03","0.49","69","91","28","10716","16376","235.51","320","2670","11501","P0","TheOuterWorlds2-WinGDK-Shipping","9084.2","TheOuterWorlds2-WinGDK-Shipping","9081.8"
"2026-05-31T17:14:12","44.96","39096","0.01","0.06","0.17","69","81","28","10796","16376","232.41","320","2670","11501","P0","TheOuterWorlds2-WinGDK-Shipping","9238.2","TheOuterWorlds2-WinGDK-Shipping","9238.2"
"2026-05-31T17:14:17","29.51","39075","0.01","0.07","0.25","71","87","29","10726","16376","241.05","320","2670","11501","P0","TheOuterWorlds2-WinGDK-Shipping","9258.4","TheOuterWorlds2-WinGDK-Shipping","9258.4"
"2026-05-31T17:14:22","29.74","39088","0.01","0.04","0.05","71","88","29","10870","16376","244.04","320","2670","11501","P0","TheOuterWorlds2-WinGDK-Shipping","9247.3","TheOuterWorlds2-WinGDK-Shipping","9247.3"
"2026-05-31T17:14:27","30.46","39068","0.01","0.04","0.99","71","88","28","10871","16376","232.71","320","2670","11501","P0","TheOuterWorlds2-WinGDK-Shipping","9257.2","TheOuterWorlds2-WinGDK-Shipping","9257.1"
"2026-05-31T17:14:32","34.45","39056","0.01","0.06","0.79","69","85","27","10876","16376","240.61","320","2670","11501","P0","TheOuterWorlds2-WinGDK-Shipping","9251.4","TheOuterWorlds2-WinGDK-Shipping","9251.4"
"2026-05-31T17:14:37","30.75","39095","0.01","0.15","0.56","68","86","28","10875","16376","231.44","320","2670","11501","P0","TheOuterWorlds2-WinGDK-Shipping","9251","TheOuterWorlds2-WinGDK-Shipping","9251"
"2026-05-31T17:14:42","25.38","39075","0.01","0.15","1.1","69","87","26","10747","16376","227.47","320","2670","11501","P0","TheOuterWorlds2-WinGDK-Shipping","9254.2","TheOuterWorlds2-WinGDK-Shipping","9254.2"
"2026-05-31T17:14:47","30.14","39090","0.01","0","0","70","91","33","10743","16376","237.8","320","2670","11501","P0","TheOuterWorlds2-WinGDK-Shipping","9253.5","TheOuterWorlds2-WinGDK-Shipping","9253"
"2026-05-31T17:14:52","28.11","39119","0.01","0.02","0.17","70","90","30","10743","16376","239.02","320","2670","11501","P0","TheOuterWorlds2-WinGDK-Shipping","9215.9","TheOuterWorlds2-WinGDK-Shipping","9216.1"
"2026-05-31T17:14:57","39.98","39098","0.01","0.04","0.61","71","91","31","10903","16376","239.49","320","2670","11501","P0","TheOuterWorlds2-WinGDK-Shipping","9228.1","TheOuterWorlds2-WinGDK-Shipping","9228.1"
"2026-05-31T17:15:02","32.18","39122","0.01","0.46","5.16","69","88","27","10871","16376","227.35","320","2670","11501","P0","TheOuterWorlds2-WinGDK-Shipping","9226.2","TheOuterWorlds2-WinGDK-Shipping","9226.2"
"2026-05-31T17:15:08","45.43","39040","0.01","0.38","5.38","69","91","31","10876","16376","233.02","320","2670","11501","P0","TheOuterWorlds2-WinGDK-Shipping","9243.4","TheOuterWorlds2-WinGDK-Shipping","9234.1"
"2026-05-31T17:15:13","44.56","39055","0.01","2.11","2.85","69","82","26","10907","16376","230.3","320","2670","11501","P0","TheOuterWorlds2-WinGDK-Shipping","9271.2","TheOuterWorlds2-WinGDK-Shipping","9273.7"
"2026-05-31T17:15:18","36.57","39082","0.01","0.09","0.87","68","90","28","10908","16376","231.18","320","2670","11501","P0","TheOuterWorlds2-WinGDK-Shipping","9268.5","TheOuterWorlds2-WinGDK-Shipping","9266.4"
"2026-05-31T17:15:23","31.18","39053","0.01","0.01","0.02","70","87","25","10854","16376","237.04","320","2670","11501","P0","TheOuterWorlds2-WinGDK-Shipping","9262","TheOuterWorlds2-WinGDK-Shipping","9262"
"2026-05-31T17:15:28","38.19","39106","0.01","0.03","0.33","68","88","29","10922","16376","234.62","320","2670","11501","P0","TheOuterWorlds2-WinGDK-Shipping","9262.7","TheOuterWorlds2-WinGDK-Shipping","9262.7"
"2026-05-31T17:15:33","37.97","39072","0.01","0.09","1.86","68","87","29","10908","16376","240.57","320","2670","11501","P0","TheOuterWorlds2-WinGDK-Shipping","9252.6","TheOuterWorlds2-WinGDK-Shipping","9251.8"
"2026-05-31T17:15:38","28.32","39150","0.01","0.1","0.48","68","86","28","10822","16376","234.74","320","2670","11501","P0","TheOuterWorlds2-WinGDK-Shipping","9176.6","TheOuterWorlds2-WinGDK-Shipping","9176.8"
"2026-05-31T17:15:43","30.4","39112","0.01","0.02","0.25","69","88","29","10838","16376","241.75","320","2670","11501","P0","TheOuterWorlds2-WinGDK-Shipping","9195.5","TheOuterWorlds2-WinGDK-Shipping","9195.5"
"2026-05-31T17:15:48","21.01","39122","0.01","0.12","0.76","69","87","28","10853","16376","241.02","320","2670","11501","P0","TheOuterWorlds2-WinGDK-Shipping","9181.8","TheOuterWorlds2-WinGDK-Shipping","9181.8"
"2026-05-31T17:15:53","36.04","39118","0.01","0.13","1.37","71","87","28","10876","16376","239.57","320","2670","11501","P0","TheOuterWorlds2-WinGDK-Shipping","9183.5","TheOuterWorlds2-WinGDK-Shipping","9184.4"
"2026-05-31T17:15:58","29.74","39115","0.01","0.36","2.45","71","88","26","10858","16376","243.46","320","2670","11501","P0","TheOuterWorlds2-WinGDK-Shipping","9213.3","TheOuterWorlds2-WinGDK-Shipping","9213.3"
"2026-05-31T17:16:04","20.98","39086","0.01","0.05","0.62","60","14","2","10321","16376","132.4","320","2685","11501","P0","TheOuterWorlds2-WinGDK-Shipping","9215.8","TheOuterWorlds2-WinGDK-Shipping","9215.8"
"2026-05-31T17:16:09","7.4","39091","0.01","0.09","0.44","56","41","5","10321","16376","52.44","320","1335","5001","P3","TheOuterWorlds2-WinGDK-Shipping","9212.1","TheOuterWorlds2-WinGDK-Shipping","9212.1"
"2026-05-31T17:16:14","23.04","39237","0.01","0.02","0.24","69","93","29","10788","16376","240.54","320","2670","11501","P0","TheOuterWorlds2-WinGDK-Shipping","9086.9","TheOuterWorlds2-WinGDK-Shipping","9086.9"
"2026-05-31T17:16:19","35.89","39196","0.01","0.13","2.98","69","88","26","10828","16376","240.28","320","2670","11501","P0","TheOuterWorlds2-WinGDK-Shipping","9100.1","TheOuterWorlds2-WinGDK-Shipping","9099.9"
"2026-05-31T17:16:24","29.88","39213","0.01","0.1","1.03","70","88","31","10783","16376","239.46","320","2670","11501","P0","TheOuterWorlds2-WinGDK-Shipping","9086","TheOuterWorlds2-WinGDK-Shipping","9086"
"2026-05-31T17:16:29","33.07","39219","0.01","0.14","2.26","69","90","28","10799","16376","241.41","320","2670","11501","P0","TheOuterWorlds2-WinGDK-Shipping","9084.1","TheOuterWorlds2-WinGDK-Shipping","9084.1"
"2026-05-31T17:16:34","37.99","39201","0.01","0.04","0.12","69","84","29","10783","16376","235.38","320","2670","11501","P0","TheOuterWorlds2-WinGDK-Shipping","9087.8","TheOuterWorlds2-WinGDK-Shipping","9087.8"
"2026-05-31T17:16:39","26.37","39223","0.01","0.02","0.06","71","88","29","10831","16376","240.08","320","2670","11501","P0","TheOuterWorlds2-WinGDK-Shipping","9090.6","TheOuterWorlds2-WinGDK-Shipping","9090.6"
"2026-05-31T17:16:44","39.83","39181","0.01","0.03","0.29","70","87","29","10804","16376","238.72","320","2670","11501","P0","TheOuterWorlds2-WinGDK-Shipping","9093.9","TheOuterWorlds2-WinGDK-Shipping","9093.9"
"2026-05-31T17:16:49","39.3","39189","0.01","0.33","5.67","69","92","30","10804","16376","239.9","320","2670","11501","P0","TheOuterWorlds2-WinGDK-Shipping","9088.6","TheOuterWorlds2-WinGDK-Shipping","9088.8"
"2026-05-31T17:16:54","29.53","39186","0.01","0.03","0.74","71","89","30","10799","16376","243.48","320","2670","11501","P0","TheOuterWorlds2-WinGDK-Shipping","9088.5","TheOuterWorlds2-WinGDK-Shipping","9088.3"
"2026-05-31T17:16:59","33.72","39099","0.01","2.31","1.37","67","91","27","10196","16376","221.02","320","2670","11501","P0","TheOuterWorlds2-WinGDK-Shipping","9085.9","TheOuterWorlds2-WinGDK-Shipping","9085.9"
"2026-05-31T17:17:04","17.66","39082","0.01","16.07","5.3","58","0","1","10354","16376","95.27","320","2685","11501","P0","TheOuterWorlds2-WinGDK-Shipping","9092.9","TheOuterWorlds2-WinGDK-Shipping","9092.9"
"2026-05-31T17:17:09","35.6","39128","0.01","0.15","0.84","71","93","31","10726","16376","251.18","320","2670","11501","P0","TheOuterWorlds2-WinGDK-Shipping","9091.1","TheOuterWorlds2-WinGDK-Shipping","9091"
"2026-05-31T17:17:15","35.71","39127","0.01","0","0","70","88","28","10780","16376","247.12","320","2670","11501","P0","TheOuterWorlds2-WinGDK-Shipping","9050.2","TheOuterWorlds2-WinGDK-Shipping","9050.2"
"2026-05-31T17:17:20","29.77","39129","0.01","2.52","0.19","71","89","30","10726","16376","242.53","320","2670","11501","P0","TheOuterWorlds2-WinGDK-Shipping","9059.7","TheOuterWorlds2-WinGDK-Shipping","9059.8"
"2026-05-31T17:17:25","34.36","39175","0.01","6.44","5.7","70","86","29","10594","16376","229.82","320","2670","11501","P0","TheOuterWorlds2-WinGDK-Shipping","9045.9","TheOuterWorlds2-WinGDK-Shipping","9045.9"
"2026-05-31T17:17:30","26.39","39176","0.01","0.14","0.79","68","87","30","10594","16376","228.01","320","2670","11501","P0","TheOuterWorlds2-WinGDK-Shipping","9048.4","TheOuterWorlds2-WinGDK-Shipping","9048.4"
"2026-05-31T17:17:35","41.6","39213","0.01","0.66","2.84","67","81","28","10594","16376","223.55","320","2670","11501","P0","TheOuterWorlds2-WinGDK-Shipping","9048.6","TheOuterWorlds2-WinGDK-Shipping","9048.6"
"2026-05-31T17:17:40","31.51","39197","0.01","0.21","0.39","69","84","28","10594","16376","223.59","320","2670","11501","P0","TheOuterWorlds2-WinGDK-Shipping","9053.8","TheOuterWorlds2-WinGDK-Shipping","9053.8"
"2026-05-31T17:17:45","27.32","39169","0.01","0.35","0.43","69","84","28","10618","16376","224.39","320","2670","11501","P0","TheOuterWorlds2-WinGDK-Shipping","9054.2","TheOuterWorlds2-WinGDK-Shipping","9054.2"
"2026-05-31T17:17:50","32.71","39160","0.01","0.39","1.2","70","85","29","10626","16376","227.74","320","2670","11501","P0","TheOuterWorlds2-WinGDK-Shipping","9059.3","TheOuterWorlds2-WinGDK-Shipping","9059.3"
"2026-05-31T17:17:55","32.55","39155","0.01","0","0","70","87","29","10618","16376","231.69","320","2670","11501","P0","TheOuterWorlds2-WinGDK-Shipping","9061","TheOuterWorlds2-WinGDK-Shipping","9061"
"2026-05-31T17:18:00","40.81","39162","0.01","0.33","2.26","68","85","30","10618","16376","227.24","320","2670","11501","P0","TheOuterWorlds2-WinGDK-Shipping","9061","TheOuterWorlds2-WinGDK-Shipping","9061"
"2026-05-31T17:18:05","49.86","39156","0.01","0.03","0.27","68","86","31","10618","16376","228.14","320","2670","11501","P0","TheOuterWorlds2-WinGDK-Shipping","9060.9","TheOuterWorlds2-WinGDK-Shipping","9060.9"
"2026-05-31T17:18:11","31.09","39159","0.01","0.02","0.06","69","88","26","10754","16376","244.51","320","2670","11501","P0","TheOuterWorlds2-WinGDK-Shipping","9057.5","TheOuterWorlds2-WinGDK-Shipping","9057.5"
"2026-05-31T17:18:16","33.5","39174","0.01","0.04","0.24","72","90","29","10786","16376","246.11","320","2670","11501","P0","TheOuterWorlds2-WinGDK-Shipping","9051.1","TheOuterWorlds2-WinGDK-Shipping","9048.8"
"2026-05-31T17:18:21","42.88","39105","0.01","0.54","15.3","68","91","25","10834","16376","234.64","320","2670","11501","P0","TheOuterWorlds2-WinGDK-Shipping","9140.6","TheOuterWorlds2-WinGDK-Shipping","9141"
"2026-05-31T17:18:26","32.74","39091","0.01","0.02","0.02","71","88","25","10827","16376","232.62","320","2670","11501","P0","TheOuterWorlds2-WinGDK-Shipping","9115.5","TheOuterWorlds2-WinGDK-Shipping","9115.5"
"2026-05-31T17:18:31","27.81","39079","0.01","0.31","8.98","70","88","23","10785","16376","238.23","320","2670","11501","P0","TheOuterWorlds2-WinGDK-Shipping","9127.4","TheOuterWorlds2-WinGDK-Shipping","9127.4"
"2026-05-31T17:18:36","33.22","39071","0.01","0.03","0.35","73","87","24","10748","16376","258.09","320","2670","11501","P0","TheOuterWorlds2-WinGDK-Shipping","9120.3","TheOuterWorlds2-WinGDK-Shipping","9120.3"
"2026-05-31T17:18:41","32.15","39082","0.01","0.71","3.4","73","90","26","10748","16376","257.7","320","2670","11501","P0","TheOuterWorlds2-WinGDK-Shipping","9114.2","TheOuterWorlds2-WinGDK-Shipping","9114.2"
"2026-05-31T17:18:46","22.85","39099","0.01","0.12","0.62","70","91","24","10748","16376","257.86","320","2670","11501","P0","TheOuterWorlds2-WinGDK-Shipping","9114.9","TheOuterWorlds2-WinGDK-Shipping","9114.9"
"2026-05-31T17:18:51","28.1","39068","0.01","0.02","0.26","71","90","24","10748","16376","257.77","320","2670","11501","P0","TheOuterWorlds2-WinGDK-Shipping","9118.1","TheOuterWorlds2-WinGDK-Shipping","9118.1"
"2026-05-31T17:18:56","29.78","39046","0.01","0.04","0.09","74","89","25","10748","16376","259.04","320","2670","11501","P0","TheOuterWorlds2-WinGDK-Shipping","9118.4","TheOuterWorlds2-WinGDK-Shipping","9118.4"
"2026-05-31T17:19:01","26.99","39051","0.01","0.07","0.27","71","91","26","10748","16376","258.58","320","2670","11501","P0","TheOuterWorlds2-WinGDK-Shipping","9113.5","TheOuterWorlds2-WinGDK-Shipping","9113.5"
"2026-05-31T17:19:06","30.77","39047","0.01","0","0","74","88","25","10748","16376","258.57","320","2670","11501","P0","TheOuterWorlds2-WinGDK-Shipping","9113.7","TheOuterWorlds2-WinGDK-Shipping","9113.7"
"2026-05-31T17:19:11","35.71","39046","0.01","0.05","0.24","73","89","25","10748","16376","258.04","320","2670","11501","P0","TheOuterWorlds2-WinGDK-Shipping","9113.4","TheOuterWorlds2-WinGDK-Shipping","9113.4"
"2026-05-31T17:19:17","31.87","39045","0.01","1.11","4.86","72","88","26","10748","16376","257.58","320","2670","11501","P0","TheOuterWorlds2-WinGDK-Shipping","9097.1","TheOuterWorlds2-WinGDK-Shipping","9097.1"
"2026-05-31T17:19:22","28.32","39114","0.01","0.12","0.93","73","90","26","10748","16376","258.46","320","2670","11501","P0","TheOuterWorlds2-WinGDK-Shipping","9085.7","TheOuterWorlds2-WinGDK-Shipping","9085.7"
"2026-05-31T17:19:27","24.57","39114","0.01","0.01","0.03","73","90","24","10748","16376","258.41","320","2670","11501","P0","TheOuterWorlds2-WinGDK-Shipping","9087","TheOuterWorlds2-WinGDK-Shipping","9087"
"2026-05-31T17:19:32","25.39","39116","0.01","0.02","0.04","71","91","26","10748","16376","258.53","320","2670","11501","P0","TheOuterWorlds2-WinGDK-Shipping","9086.6","TheOuterWorlds2-WinGDK-Shipping","9086.6"
"2026-05-31T17:19:37","37.64","39148","0.01","0.04","0.11","72","90","26","10748","16376","258.43","320","2670","11501","P0","TheOuterWorlds2-WinGDK-Shipping","9085.6","TheOuterWorlds2-WinGDK-Shipping","9085.6"
"2026-05-31T17:19:42","22.18","39125","0.01","0","0","72","89","24","10748","16376","259.26","320","2670","11501","P0","TheOuterWorlds2-WinGDK-Shipping","9088.5","TheOuterWorlds2-WinGDK-Shipping","9088.5"
"2026-05-31T17:19:47","32.7","39120","0.01","0.3","2.43","73","90","24","10748","16376","257.84","320","2670","11501","P0","TheOuterWorlds2-WinGDK-Shipping","9088.9","TheOuterWorlds2-WinGDK-Shipping","9088.9"
"2026-05-31T17:19:52","27.29","39111","0.01","0.03","0.14","71","89","26","10748","16376","257.39","320","2670","11501","P0","TheOuterWorlds2-WinGDK-Shipping","9088.8","TheOuterWorlds2-WinGDK-Shipping","9088.8"
"2026-05-31T17:19:57","31.39","39105","0.01","0.02","0.1","73","89","24","10748","16376","253.55","320","2670","11501","P0","TheOuterWorlds2-WinGDK-Shipping","9088.6","TheOuterWorlds2-WinGDK-Shipping","9088.6"
"2026-05-31T17:20:02","25.74","39085","0.01","0.07","0.63","71","86","23","10748","16376","254.43","320","2670","11501","P0","TheOuterWorlds2-WinGDK-Shipping","9089.2","TheOuterWorlds2-WinGDK-Shipping","9089.2"
"2026-05-31T17:20:07","32.53","39080","0.01","0.16","0.24","73","89","24","10748","16376","254.67","320","2670","11501","P0","TheOuterWorlds2-WinGDK-Shipping","9089.8","TheOuterWorlds2-WinGDK-Shipping","9089.8"
"2026-05-31T17:20:12","31.67","39148","0.01","0.02","0.02","72","88","24","10748","16376","257.3","320","2670","11501","P0","TheOuterWorlds2-WinGDK-Shipping","9089.8","TheOuterWorlds2-WinGDK-Shipping","9089.8"
"2026-05-31T17:20:17","28.96","39135","0.01","0.06","0.29","72","89","24","10716","16376","257.39","320","2670","11501","P0","TheOuterWorlds2-WinGDK-Shipping","9075.8","TheOuterWorlds2-WinGDK-Shipping","9075.8"
"2026-05-31T17:20:23","26.25","39246","0.01","0.02","0.25","72","87","24","10716","16376","257.9","320","2670","11501","P0","TheOuterWorlds2-WinGDK-Shipping","8969.4","TheOuterWorlds2-WinGDK-Shipping","8969.4"
"2026-05-31T17:20:28","25.26","39235","0.01","0.03","0.06","72","91","24","10716","16376","258.58","320","2670","11501","P0","TheOuterWorlds2-WinGDK-Shipping","8969.4","TheOuterWorlds2-WinGDK-Shipping","8969.4"
"2026-05-31T17:20:33","39.67","39208","0.01","2.69","7.57","71","90","25","10716","16376","257.79","320","2670","11501","P0","TheOuterWorlds2-WinGDK-Shipping","8971.5","TheOuterWorlds2-WinGDK-Shipping","8971.5"
"2026-05-31T17:20:38","37.83","39213","0.01","0.02","0.06","73","92","24","10716","16376","257.61","320","2670","11501","P0","TheOuterWorlds2-WinGDK-Shipping","8968.3","TheOuterWorlds2-WinGDK-Shipping","8968.3"
"2026-05-31T17:20:43","27.36","39246","0.01","0.06","0.3","73","88","24","10716","16376","258.76","320","2670","11501","P0","TheOuterWorlds2-WinGDK-Shipping","8968.5","TheOuterWorlds2-WinGDK-Shipping","8968.5"
"2026-05-31T17:20:48","22.28","39276","0.01","0.04","0.05","72","89","24","10716","16376","258.72","320","2670","11501","P0","TheOuterWorlds2-WinGDK-Shipping","8966.8","TheOuterWorlds2-WinGDK-Shipping","8966.8"
"2026-05-31T17:20:53","25.14","39273","0.01","0.01","0.04","73","91","24","10716","16376","258.66","320","2670","11501","P0","TheOuterWorlds2-WinGDK-Shipping","8968.5","TheOuterWorlds2-WinGDK-Shipping","8968.5"
"2026-05-31T17:20:58","27.31","39247","0.01","0","0","72","89","24","10716","16376","259.42","320","2670","11501","P0","TheOuterWorlds2-WinGDK-Shipping","8968.7","TheOuterWorlds2-WinGDK-Shipping","8968.7"
"2026-05-31T17:21:03","31.66","39242","0.01","0.03","0.07","72","90","25","10716","16376","258.74","320","2670","11501","P0","TheOuterWorlds2-WinGDK-Shipping","8968","TheOuterWorlds2-WinGDK-Shipping","8968"
"2026-05-31T17:21:08","30.05","39231","0.01","0.13","0.8","72","91","26","10716","16376","257.94","320","2670","11501","P0","TheOuterWorlds2-WinGDK-Shipping","8970.1","TheOuterWorlds2-WinGDK-Shipping","8970.1"
"2026-05-31T17:21:13","29.55","39238","0.01","0.03","0.1","72","90","26","10716","16376","258.59","320","2670","11501","P0","TheOuterWorlds2-WinGDK-Shipping","8969.7","TheOuterWorlds2-WinGDK-Shipping","8969.7"
"2026-05-31T17:21:18","29.75","39251","0.01","0","0","72","90","26","10716","16376","259.09","320","2670","11501","P0","TheOuterWorlds2-WinGDK-Shipping","8957.5","TheOuterWorlds2-WinGDK-Shipping","8957.5"
"2026-05-31T17:21:23","22.65","39248","0.01","0.03","0.23","73","89","25","10716","16376","259.13","320","2670","11501","P0","TheOuterWorlds2-WinGDK-Shipping","8958.4","TheOuterWorlds2-WinGDK-Shipping","8958.4"
"2026-05-31T17:21:29","27.74","39246","0.01","0.05","0.23","71","91","24","10716","16376","258.32","320","2670","11501","P0","TheOuterWorlds2-WinGDK-Shipping","8959.5","TheOuterWorlds2-WinGDK-Shipping","8959.5"
"2026-05-31T17:21:34","28.08","39253","0.01","0","0","72","91","26","10716","16376","258.65","320","2670","11501","P0","TheOuterWorlds2-WinGDK-Shipping","8960.4","TheOuterWorlds2-WinGDK-Shipping","8960.4"
"2026-05-31T17:21:39","34.19","39209","0.01","0.42","3.6","72","93","27","10716","16376","259.17","320","2670","11501","P0","TheOuterWorlds2-WinGDK-Shipping","8962.8","TheOuterWorlds2-WinGDK-Shipping","8962.8"
"2026-05-31T17:21:44","23.02","39278","0.01","0.04","0.03","73","89","24","10716","16376","257.37","320","2670","11501","P0","TheOuterWorlds2-WinGDK-Shipping","8963.3","TheOuterWorlds2-WinGDK-Shipping","8963.3"
"2026-05-31T17:21:49","22.46","39261","0.01","0.07","0.61","71","91","24","10716","16376","257.63","320","2670","11501","P0","TheOuterWorlds2-WinGDK-Shipping","8964.5","TheOuterWorlds2-WinGDK-Shipping","8964.5"
"2026-05-31T17:21:54","31.48","39252","0.01","0","0","71","91","26","10716","16376","258.3","320","2670","11501","P0","TheOuterWorlds2-WinGDK-Shipping","8965","TheOuterWorlds2-WinGDK-Shipping","8965"
"2026-05-31T17:21:59","24.01","39239","0.01","0.01","0.03","73","89","24","10716","16376","257.36","320","2670","11501","P0","TheOuterWorlds2-WinGDK-Shipping","8966.4","TheOuterWorlds2-WinGDK-Shipping","8966.4"
"2026-05-31T17:22:04","30.62","39234","0.01","0.04","0.5","70","90","24","10716","16376","258.14","320","2670","11501","P0","TheOuterWorlds2-WinGDK-Shipping","8966.6","TheOuterWorlds2-WinGDK-Shipping","8966.6"
"2026-05-31T17:22:09","43.15","39187","0.01","0.07","0.65","72","89","24","10716","16376","256.57","320","2670","11501","P0","TheOuterWorlds2-WinGDK-Shipping","8968","TheOuterWorlds2-WinGDK-Shipping","8968"
"2026-05-31T17:22:14","28.47","39227","0.01","0.59","6.67","72","89","24","10716","16376","256.89","320","2670","11501","P0","TheOuterWorlds2-WinGDK-Shipping","8968.6","TheOuterWorlds2-WinGDK-Shipping","8968.6"
"2026-05-31T17:22:19","39.41","39188","0.01","0.43","1.87","70","90","24","10716","16376","256.36","320","2670","11501","P0","TheOuterWorlds2-WinGDK-Shipping","8958.7","TheOuterWorlds2-WinGDK-Shipping","8958.7"
"2026-05-31T17:22:24","31.64","39242","0.01","0.48","0.46","72","89","24","10716","16376","254.7","320","2670","11501","P0","TheOuterWorlds2-WinGDK-Shipping","8960.6","TheOuterWorlds2-WinGDK-Shipping","8960.6"
"2026-05-31T17:22:29","24.44","39222","0.01","0","0","70","88","24","10716","16376","255.7","320","2670","11501","P0","TheOuterWorlds2-WinGDK-Shipping","8963.3","TheOuterWorlds2-WinGDK-Shipping","8963.3"
"2026-05-31T17:22:34","21.98","39230","0.01","0.05","0.04","73","89","24","10716","16376","257.91","320","2670","11501","P0","TheOuterWorlds2-WinGDK-Shipping","8962.1","TheOuterWorlds2-WinGDK-Shipping","8962.1"
"2026-05-31T17:22:40","41.09","39196","0.01","0.08","0.59","71","90","26","10716","16376","258.61","320","2670","11501","P0","TheOuterWorlds2-WinGDK-Shipping","8963.6","TheOuterWorlds2-WinGDK-Shipping","8963.6"
"2026-05-31T17:22:45","30.18","39231","0.01","0.44","2.38","68","89","25","10811","16376","239.03","320","2670","11501","P0","TheOuterWorlds2-WinGDK-Shipping","8986.2","TheOuterWorlds2-WinGDK-Shipping","8986.2"
"2026-05-31T17:22:50","31.77","39186","0.01","0","0","69","90","25","10827","16376","233.33","320","2670","11501","P0","TheOuterWorlds2-WinGDK-Shipping","9026.4","TheOuterWorlds2-WinGDK-Shipping","9026.4"
"2026-05-31T17:22:55","30.76","39181","0.01","0.54","1.15","70","85","28","10850","16376","240.18","320","2670","11501","P0","TheOuterWorlds2-WinGDK-Shipping","9031","TheOuterWorlds2-WinGDK-Shipping","9030.7"
"2026-05-31T17:23:00","34.79","39160","0.01","0.26","7.27","68","87","28","10853","16376","240.27","320","2670","11501","P0","TheOuterWorlds2-WinGDK-Shipping","9047.9","TheOuterWorlds2-WinGDK-Shipping","9048"
"2026-05-31T17:23:05","31.71","39151","0.01","0.03","0.26","70","91","25","10848","16376","239.03","320","2670","11501","P0","TheOuterWorlds2-WinGDK-Shipping","9041.3","TheOuterWorlds2-WinGDK-Shipping","9041.3"
"2026-05-31T17:23:10","35.81","39152","0.01","6.36","4.76","69","93","29","10893","16376","234.09","320","2670","11501","P0","TheOuterWorlds2-WinGDK-Shipping","9065.5","TheOuterWorlds2-WinGDK-Shipping","9065.5"
"2026-05-31T17:23:15","46.96","39015","0.01","0.05","0.22","68","85","30","10932","16376","233.76","320","2670","11501","P0","TheOuterWorlds2-WinGDK-Shipping","9184.9","TheOuterWorlds2-WinGDK-Shipping","9184.9"
"2026-05-31T17:23:20","34.54","38994","0.01","0.05","0.26","70","88","31","10912","16376","231.55","320","2670","11501","P0","TheOuterWorlds2-WinGDK-Shipping","9205.5","TheOuterWorlds2-WinGDK-Shipping","9205.2"
"2026-05-31T17:23:25","25.28","38988","0.01","0.01","0","69","89","28","10912","16376","232.72","320","2670","11501","P0","TheOuterWorlds2-WinGDK-Shipping","9214","TheOuterWorlds2-WinGDK-Shipping","9213.7"
"2026-05-31T17:23:30","32.22","38977","0.01","0.19","2.61","70","90","27","10895","16376","239.52","320","2670","11501","P0","TheOuterWorlds2-WinGDK-Shipping","9203.6","TheOuterWorlds2-WinGDK-Shipping","9203.6"
"2026-05-31T17:23:35","29.25","38994","0.01","0.14","0.32","70","91","29","10895","16376","247.28","320","2670","11501","P0","TheOuterWorlds2-WinGDK-Shipping","9192.8","TheOuterWorlds2-WinGDK-Shipping","9192.8"
"2026-05-31T17:23:41","38.96","38965","0.01","0.06","0.45","69","88","29","10762","16376","228.84","320","2670","11501","P0","TheOuterWorlds2-WinGDK-Shipping","9195.7","TheOuterWorlds2-WinGDK-Shipping","9195.7"
"2026-05-31T17:23:46","37","38995","0.01","0.02","0.26","69","89","29","10762","16376","226.5","320","2670","11501","P0","TheOuterWorlds2-WinGDK-Shipping","9197.5","TheOuterWorlds2-WinGDK-Shipping","9197.5"
"2026-05-31T17:23:51","26.15","39004","0.01","1.03","4.74","69","89","28","10898","16376","234.14","320","2670","11501","P0","TheOuterWorlds2-WinGDK-Shipping","9201","TheOuterWorlds2-WinGDK-Shipping","9201"
"2026-05-31T17:23:56","30.43","38988","0.01","0.03","0.05","71","89","29","10911","16376","238.35","320","2670","11501","P0","TheOuterWorlds2-WinGDK-Shipping","9209","TheOuterWorlds2-WinGDK-Shipping","9208.8"
"2026-05-31T17:24:01","32.09","38960","0.01","0","0","60","40","5","10983","16376","113.92","320","2685","11501","P0","TheOuterWorlds2-WinGDK-Shipping","9204.4","TheOuterWorlds2-WinGDK-Shipping","9204.4"
"2026-05-31T17:24:06","29.36","38978","0.01","0","0","59","42","5","10983","16376","115.5","320","2685","11501","P0","TheOuterWorlds2-WinGDK-Shipping","9201.2","TheOuterWorlds2-WinGDK-Shipping","9201.2"
"2026-05-31T17:24:11","33.05","38927","0.01","0.08","0.19","58","34","5","10814","16376","114.29","320","2685","11501","P0","TheOuterWorlds2-WinGDK-Shipping","9202","TheOuterWorlds2-WinGDK-Shipping","9202"
"2026-05-31T17:24:16","27.98","39065","0.01","0.01","0.01","58","39","5","10782","16376","113.42","320","2685","11501","P0","TheOuterWorlds2-WinGDK-Shipping","9084.6","TheOuterWorlds2-WinGDK-Shipping","9084.6"
"2026-05-31T17:24:21","29.35","39059","0.01","0","0","57","43","6","10791","16376","115.26","320","2685","11501","P0","TheOuterWorlds2-WinGDK-Shipping","9088","TheOuterWorlds2-WinGDK-Shipping","9088"
"2026-05-31T17:24:26","36.03","39015","0.01","0.06","0.29","57","43","6","10791","16376","111.22","320","2685","11501","P0","TheOuterWorlds2-WinGDK-Shipping","9088.9","TheOuterWorlds2-WinGDK-Shipping","9088.9"
"2026-05-31T17:24:31","31.69","39054","0.01","0.03","0.34","57","43","6","10791","16376","117.13","320","2685","11501","P0","TheOuterWorlds2-WinGDK-Shipping","9088.9","TheOuterWorlds2-WinGDK-Shipping","9088.9"
"2026-05-31T17:24:36","28.4","39077","0.01","0.03","0.07","56","38","5","10791","16376","117.47","320","2685","11501","P0","TheOuterWorlds2-WinGDK-Shipping","9088.9","TheOuterWorlds2-WinGDK-Shipping","9088.9"
"2026-05-31T17:24:42","33.23","39054","0.01","0.03","0.18","57","44","6","10791","16376","124.65","320","2685","11501","P0","TheOuterWorlds2-WinGDK-Shipping","9089","TheOuterWorlds2-WinGDK-Shipping","9089"
"2026-05-31T17:24:47","32.19","39127","0.01","0.11","0.6","56","39","5","10779","16376","112.39","320","2685","11501","P0","TheOuterWorlds2-WinGDK-Shipping","9089.1","TheOuterWorlds2-WinGDK-Shipping","9089.1"
"2026-05-31T17:24:52","30.23","39137","0.01","0.03","0.22","56","42","6","10779","16376","112.9","320","2685","11501","P0","TheOuterWorlds2-WinGDK-Shipping","9089.1","TheOuterWorlds2-WinGDK-Shipping","9089.1"
"2026-05-31T17:24:57","28.94","39138","0.01","0.01","0.02","56","41","6","10779","16376","112.37","320","2685","11501","P0","TheOuterWorlds2-WinGDK-Shipping","9089.1","TheOuterWorlds2-WinGDK-Shipping","9089.1"
"2026-05-31T17:25:02","20.45","39137","0.01","0.01","0.03","53","13","2","10357","16376","94.05","320","2685","11501","P0","TheOuterWorlds2-WinGDK-Shipping","9089.2","TheOuterWorlds2-WinGDK-Shipping","9089.2"
"2026-05-31T17:25:07","24.36","39148","0.01","0.03","0.16","52","6","1","11077","16376","73.15","320","2685","11501","P0","TheOuterWorlds2-WinGDK-Shipping","9115.2","TheOuterWorlds2-WinGDK-Shipping","9115.2"
"2026-05-31T17:25:12","36.47","39100","0.01","0.19","1.23","63","90","28","11199","16376","229.69","320","2670","11501","P0","TheOuterWorlds2-WinGDK-Shipping","9138.4","TheOuterWorlds2-WinGDK-Shipping","9138.4"
"2026-05-31T17:25:17","28.17","39125","0.01","0.01","0.01","66","92","31","11178","16376","236.57","320","2670","11501","P0","TheOuterWorlds2-WinGDK-Shipping","9134.5","TheOuterWorlds2-WinGDK-Shipping","9134.5"
"2026-05-31T17:25:22","29.65","39149","0.01","0.27","1.88","66","94","34","11182","16376","239.64","320","2670","11501","P0","TheOuterWorlds2-WinGDK-Shipping","9133.6","TheOuterWorlds2-WinGDK-Shipping","9133.6"
"2026-05-31T17:25:27","35.55","39076","0.01","0.07","1.47","68","98","35","11207","16376","246.74","320","2670","11501","P0","TheOuterWorlds2-WinGDK-Shipping","9152.8","TheOuterWorlds2-WinGDK-Shipping","9152.8"
"2026-05-31T17:25:32","33.58","39081","0.01","0.01","0.02","68","93","34","11186","16376","240.1","320","2670","11501","P0","TheOuterWorlds2-WinGDK-Shipping","9168.3","TheOuterWorlds2-WinGDK-Shipping","9168.3"
"2026-05-31T17:25:37","31.59","39072","0.01","0.01","0.12","69","92","33","11166","16376","241.27","320","2670","11501","P0","TheOuterWorlds2-WinGDK-Shipping","9172.1","TheOuterWorlds2-WinGDK-Shipping","9177.5"
"2026-05-31T17:25:42","38.79","38950","0.01","0.2","1.87","69","84","31","11262","16376","241.23","320","2670","11501","P0","TheOuterWorlds2-WinGDK-Shipping","9256","TheOuterWorlds2-WinGDK-Shipping","9256"
"2026-05-31T17:25:48","40.69","38990","0.01","0.35","1.98","66","76","27","11270","16376","224.24","320","2670","11501","P0","TheOuterWorlds2-WinGDK-Shipping","9173.9","TheOuterWorlds2-WinGDK-Shipping","9173.9"
"2026-05-31T17:25:53","35.98","38983","0.01","0.02","0.09","57","25","3","10979","16376","78.53","320","2445","11501","P0","TheOuterWorlds2-WinGDK-Shipping","9170","TheOuterWorlds2-WinGDK-Shipping","9170"
"2026-05-31T17:25:58","32.22","38947","0.01","0.06","0.6","55","37","5","10979","16376","77.32","320","2385","11501","P0","TheOuterWorlds2-WinGDK-Shipping","9179.9","TheOuterWorlds2-WinGDK-Shipping","9179.9"
"2026-05-31T17:26:03","26.41","39011","0.01","0.02","0.05","55","32","4","10810","16376","86.2","320","2430","11501","P0","TheOuterWorlds2-WinGDK-Shipping","9179.4","TheOuterWorlds2-WinGDK-Shipping","9179.4"
"2026-05-31T17:26:08","23.11","39011","0.01","0.07","0.33","55","40","5","10810","16376","92.98","320","2520","11501","P0","TheOuterWorlds2-WinGDK-Shipping","9182.5","TheOuterWorlds2-WinGDK-Shipping","9182.5"
"2026-05-31T17:26:13","22.94","39017","0.01","0","0","55","40","5","10810","16376","87.49","320","2535","11501","P0","TheOuterWorlds2-WinGDK-Shipping","9182.8","TheOuterWorlds2-WinGDK-Shipping","9182.8"
"2026-05-31T17:26:18","25.89","39018","0.01","0.01","0.02","54","27","4","10810","16376","84.59","320","2520","11501","P0","TheOuterWorlds2-WinGDK-Shipping","9182.6","TheOuterWorlds2-WinGDK-Shipping","9182.6"
