"timestamp","cpu_percent","mem_available_mb","pagefile_percent","disk_time_percent","disk_bytes_sec","gpu_temp_c","gpu_util_percent","gpu_mem_util_percent","gpu_mem_used_mb","gpu_mem_total_mb","gpu_power_w","gpu_power_limit_w","gpu_clock_mhz","gpu_mem_clock_mhz","gpu_pstate","top_process","top_process_cpu_seconds","game_process","game_working_set_mb"
"2026-05-31T17:04:22","0.01","44502","0.01","0.47","6443244.82","61","68","31","9127","16376","90.31","320.00","2685","11501","P0","codex","318","TheOuterWorlds2-WinGDK-Shipping","5432.4"
"2026-05-31T17:04:28","0.01","44494","0.01","0.06","276084.1","66","72","30","9132","16376","219.56","320.00","2670","11501","P0","codex","319.3","TheOuterWorlds2-WinGDK-Shipping","5463.3"
"2026-05-31T17:04:33","0.01","44584","0.01","0.65","6300475.54","67","73","30","9132","16376","228.99","320.00","2670","11501","P0","codex","320.1","TheOuterWorlds2-WinGDK-Shipping","5461.4"
"2026-05-31T17:04:38","0.01","44547","0.01","0.44","6028502.65","66","72","30","9132","16376","228.96","320.00","2670","11501","P0","codex","320.9","TheOuterWorlds2-WinGDK-Shipping","5459.6"
"2026-05-31T17:04:43","0.01","41832","0.01","0.37","1872199.64","53","21","9","8225","16376","44.79","320.00","915","5001","P3","codex","321.5","TheOuterWorlds2-WinGDK-Shipping","7940.1"
"2026-05-31T17:04:49","0.01","39844","0.01","0.12","2130261.51","65","97","23","10879","16376","199.80","320.00","2670","11501","P0","codex","321.5","TheOuterWorlds2-WinGDK-Shipping","8836.6"
"2026-05-31T17:04:54","0.01","39756","0.01","0.02","267739.36","67","93","34","10972","16376","248.07","320.00","2685","11501","P0","codex","321.5","TheOuterWorlds2-WinGDK-Shipping","8827.1"
"2026-05-31T17:04:59","0.01","39792","0.01","0.02","32427.3","68","95","35","10951","16376","254.41","320.00","2670","11501","P0","codex","321.5","TheOuterWorlds2-WinGDK-Shipping","8823.2"
"2026-05-31T17:05:04","0.01","39668","0.01","0.04","437079.56","68","96","35","10856","16376","248.60","320.00","2670","11501","P0","codex","322.1","TheOuterWorlds2-WinGDK-Shipping","8862.8"
"2026-05-31T17:05:09","0.01","39719","0.01","0.27","511513.86","69","97","35","10856","16376","255.54","320.00","2670","11501","P0","codex","322.2","TheOuterWorlds2-WinGDK-Shipping","8834.6"
"2026-05-31T17:05:14","0.01","39737","0.01","11.77","1760620.32","69","97","35","10856","16376","256.26","320.00","2670","11501","P0","codex","323.5","TheOuterWorlds2-WinGDK-Shipping","8831.9"
"2026-05-31T17:05:19","0.01","39560","0.01","15.27","2800380.61","68","86","30","10770","16376","236.60","320.00","2670","11501","P0","codex","325.6","TheOuterWorlds2-WinGDK-Shipping","8925.6"
"2026-05-31T17:05:24","0.01","39436","0.01","0.41","4004748.14","69","92","31","10799","16376","235.31","320.00","2670","11501","P0","codex","326.7","TheOuterWorlds2-WinGDK-Shipping","8933.4"
"2026-05-31T17:05:30","0.01","39472","0.01","0.24","1494441.02","67","90","33","10922","16376","241.30","320.00","2670","11501","P0","TheOuterWorlds2-WinGDK-Shipping","331.4","TheOuterWorlds2-WinGDK-Shipping","8951.5"
"2026-05-31T17:05:35","0.01","39699","0.01","1.3","12265603.62","68","85","29","10724","16376","235.52","320.00","2670","11501","P0","TheOuterWorlds2-WinGDK-Shipping","355.3","TheOuterWorlds2-WinGDK-Shipping","8843.3"
"2026-05-31T17:05:40","0.01","39702","0.01","1.41","12667529.22","68","91","34","10675","16376","243.77","320.00","2670","11501","P0","TheOuterWorlds2-WinGDK-Shipping","370.8","TheOuterWorlds2-WinGDK-Shipping","8852.8"
"2026-05-31T17:05:45","0.01","39545","0.01","0.4","5130224.99","69","91","31","10695","16376","239.57","320.00","2670","11501","P0","TheOuterWorlds2-WinGDK-Shipping","387.5","TheOuterWorlds2-WinGDK-Shipping","8861.6"
"2026-05-31T17:05:50","0.01","39540","0.01","0.99","1344034.78","68","94","33","10712","16376","241.11","320.00","2670","11501","P0","TheOuterWorlds2-WinGDK-Shipping","404.5","TheOuterWorlds2-WinGDK-Shipping","8867.8"
"2026-05-31T17:05:55","0.01","39506","0.01","0.52","1553262.86","68","89","31","10745","16376","239.31","320.00","2670","11501","P0","TheOuterWorlds2-WinGDK-Shipping","421.1","TheOuterWorlds2-WinGDK-Shipping","8876.7"
"2026-05-31T17:06:00","0.01","39425","0.01","0.95","4962346.67","67","86","29","10751","16376","233.98","320.00","2670","11501","P0","TheOuterWorlds2-WinGDK-Shipping","445","TheOuterWorlds2-WinGDK-Shipping","8918.5"
"2026-05-31T17:06:05","0.01","39497","0.01","0.4","6945503.85","67","86","29","10695","16376","227.21","320.00","2670","11501","P0","TheOuterWorlds2-WinGDK-Shipping","472.5","TheOuterWorlds2-WinGDK-Shipping","8788.9"
"2026-05-31T17:06:10","0.01","39338","0.01","0.31","1119133.77","67","84","28","10735","16376","234.01","320.00","2670","11501","P0","TheOuterWorlds2-WinGDK-Shipping","494.7","TheOuterWorlds2-WinGDK-Shipping","8943.4"
"2026-05-31T17:06:16","0.01","39349","0.01","0.26","2128554.22","67","92","29","10736","16376","234.48","320.00","2670","11501","P0","TheOuterWorlds2-WinGDK-Shipping","513.6","TheOuterWorlds2-WinGDK-Shipping","8955.2"
"2026-05-31T17:06:21","0.01","39301","0.01","0.2","1733676.37","69","94","31","10738","16376","236.32","320.00","2670","11501","P0","TheOuterWorlds2-WinGDK-Shipping","535.5","TheOuterWorlds2-WinGDK-Shipping","8990.7"
"2026-05-31T17:06:26","0.01","39290","0.01","0.04","93382.55","69","88","29","10694","16376","235.65","320.00","2670","11501","P0","TheOuterWorlds2-WinGDK-Shipping","558","TheOuterWorlds2-WinGDK-Shipping","8948.5"
"2026-05-31T17:06:31","0.01","39339","0.01","1.7","6801082.8","68","92","30","10704","16376","240.91","320.00","2670","11501","P0","TheOuterWorlds2-WinGDK-Shipping","575.2","TheOuterWorlds2-WinGDK-Shipping","8950.9"
"2026-05-31T17:06:36","0.01","39284","0.01","1.8","1464436.03","68","78","27","10744","16376","225.43","320.00","2670","11501","P0","TheOuterWorlds2-WinGDK-Shipping","601.1","TheOuterWorlds2-WinGDK-Shipping","8978.8"
"2026-05-31T17:06:41","0.01","39281","0.01","0.25","1330906.41","68","89","30","10742","16376","229.36","320.00","2670","11501","P0","TheOuterWorlds2-WinGDK-Shipping","619.2","TheOuterWorlds2-WinGDK-Shipping","8988.4"
"2026-05-31T17:06:46","0.01","39269","0.01","0.09","1480161.27","69","85","27","10778","16376","234.13","320.00","2670","11501","P0","TheOuterWorlds2-WinGDK-Shipping","637.4","TheOuterWorlds2-WinGDK-Shipping","8987.8"
"2026-05-31T17:06:51","0.01","39224","0.01","0.98","13191559.7","68","84","29","10742","16376","232.26","320.00","2670","11501","P0","TheOuterWorlds2-WinGDK-Shipping","656.7","TheOuterWorlds2-WinGDK-Shipping","8974.1"
"2026-05-31T17:06:56","0.01","39268","0.01","0.75","5225080.77","67","79","29","10758","16376","235.69","320.00","2670","11501","P0","TheOuterWorlds2-WinGDK-Shipping","676.5","TheOuterWorlds2-WinGDK-Shipping","9038.9"
"2026-05-31T17:07:02","0.01","39289","0.01","0.68","6954921.09","68","84","27","10787","16376","233.98","320.00","2670","11501","P0","TheOuterWorlds2-WinGDK-Shipping","698.9","TheOuterWorlds2-WinGDK-Shipping","8943.1"
"2026-05-31T17:07:07","0.01","39194","0.01","0.02","133951.05","70","90","30","10730","16376","241.10","320.00","2670","11501","P0","TheOuterWorlds2-WinGDK-Shipping","718.3","TheOuterWorlds2-WinGDK-Shipping","8951"
"2026-05-31T17:07:12","0.01","39214","0.01","0.07","170516.5","69","88","30","10705","16376","233.44","320.00","2670","11501","P0","TheOuterWorlds2-WinGDK-Shipping","737.9","TheOuterWorlds2-WinGDK-Shipping","8927.7"
"2026-05-31T17:07:17","0.01","39249","0.01","0.15","1345215.87","67","88","31","10710","16376","232.78","320.00","2670","11501","P0","TheOuterWorlds2-WinGDK-Shipping","757.2","TheOuterWorlds2-WinGDK-Shipping","8935.4"
"2026-05-31T17:07:22","0.01","39253","0.01","0.03","174442.57","68","81","25","10709","16376","229.73","320.00","2670","11501","P0","TheOuterWorlds2-WinGDK-Shipping","775.3","TheOuterWorlds2-WinGDK-Shipping","8938"
"2026-05-31T17:07:27","0.01","39156","0.01","0.37","2011334.11","66","86","25","10053","16376","202.20","320.00","2670","11501","P0","TheOuterWorlds2-WinGDK-Shipping","788","TheOuterWorlds2-WinGDK-Shipping","8921.7"
"2026-05-31T17:07:32","0.01","39357","0.01","1.84","1398462.3","55","34","18","8444","16376","49.57","320.00","840","5001","P3","TheOuterWorlds2-WinGDK-Shipping","802.1","TheOuterWorlds2-WinGDK-Shipping","8863.9"
"2026-05-31T17:07:37","0.01","39115","0.01","0.5","5020770.22","65","83","24","10386","16376","212.06","320.00","2670","11501","P0","TheOuterWorlds2-WinGDK-Shipping","816.3","TheOuterWorlds2-WinGDK-Shipping","9144"
"2026-05-31T17:07:42","0.01","38505","0.01","0.1","377005.63","53","28","13","8689","16376","48.66","320.00","825","5001","P3","TheOuterWorlds2-WinGDK-Shipping","833.5","TheOuterWorlds2-WinGDK-Shipping","9781.1"
"2026-05-31T17:07:47","0.01","39262","0.01","0.07","932781.2","54","0","1","11181","16376","70.83","320.00","2685","11501","P0","TheOuterWorlds2-WinGDK-Shipping","846.8","TheOuterWorlds2-WinGDK-Shipping","8945.6"
"2026-05-31T17:07:53","0.01","39306","0.01","0.09","377324.7","57","40","5","10746","16376","108.85","320.00","2685","11501","P0","TheOuterWorlds2-WinGDK-Shipping","864.2","TheOuterWorlds2-WinGDK-Shipping","8929.8"
"2026-05-31T17:07:58","0.01","39306","0.01","0.06","89053.69","57","43","6","10747","16376","110.06","320.00","2685","11501","P0","TheOuterWorlds2-WinGDK-Shipping","879.3","TheOuterWorlds2-WinGDK-Shipping","8926.7"
"2026-05-31T17:08:03","0.01","39305","0.01","0.07","1212879.04","64","95","34","10909","16376","158.25","320.00","2670","11501","P0","TheOuterWorlds2-WinGDK-Shipping","899.3","TheOuterWorlds2-WinGDK-Shipping","8980"
"2026-05-31T17:08:08","0.01","39281","0.01","0.37","4282179.09","65","93","33","10913","16376","238.40","320.00","2670","11501","P0","TheOuterWorlds2-WinGDK-Shipping","925.9","TheOuterWorlds2-WinGDK-Shipping","8997.2"
"2026-05-31T17:08:13","0.01","39246","0.01","0.11","571267.93","67","90","31","10904","16376","237.86","320.00","2670","11501","P0","TheOuterWorlds2-WinGDK-Shipping","948.9","TheOuterWorlds2-WinGDK-Shipping","9008.2"
"2026-05-31T17:08:18","0.01","39179","0.01","3.55","3692743.13","66","83","29","10963","16376","232.02","320.00","2670","11501","P0","TheOuterWorlds2-WinGDK-Shipping","968.6","TheOuterWorlds2-WinGDK-Shipping","9117.3"
"2026-05-31T17:08:23","0.01","39135","0.01","0.06","68947.46","68","88","31","10963","16376","232.08","320.00","2670","11501","P0","TheOuterWorlds2-WinGDK-Shipping","986.9","TheOuterWorlds2-WinGDK-Shipping","9136.5"
"2026-05-31T17:08:28","0.01","39128","0.01","0.04","336474.45","67","89","29","10994","16376","234.40","320.00","2670","11501","P0","TheOuterWorlds2-WinGDK-Shipping","1006","TheOuterWorlds2-WinGDK-Shipping","9146.5"
"2026-05-31T17:08:33","0.01","39126","0.01","0.04","470090.24","69","92","32","11001","16376","245.86","320.00","2670","11501","P0","TheOuterWorlds2-WinGDK-Shipping","1025.4","TheOuterWorlds2-WinGDK-Shipping","9142.9"
"2026-05-31T17:08:38","0.01","39127","0.01","0.08","1667131.78","69","95","33","10993","16376","242.81","320.00","2670","11501","P0","TheOuterWorlds2-WinGDK-Shipping","1042.4","TheOuterWorlds2-WinGDK-Shipping","9143.2"
"2026-05-31T17:08:44","0.01","39112","0.01","0.3","1009813.84","69","92","33","11026","16376","240.80","320.00","2670","11501","P0","TheOuterWorlds2-WinGDK-Shipping","1060.3","TheOuterWorlds2-WinGDK-Shipping","9144.5"
"2026-05-31T17:08:49","0.01","39123","0.01","0.03","518948.33","68","91","33","11034","16376","244.21","320.00","2670","11501","P0","TheOuterWorlds2-WinGDK-Shipping","1080.4","TheOuterWorlds2-WinGDK-Shipping","9143.5"
"2026-05-31T17:08:54","0.01","39104","0.01","0.1","1209694.5","69","91","32","10985","16376","249.08","320.00","2670","11501","P0","TheOuterWorlds2-WinGDK-Shipping","1097.5","TheOuterWorlds2-WinGDK-Shipping","9139.8"
"2026-05-31T17:08:59","0.01","39109","0.01","0.03","44614.8","69","88","29","10977","16376","237.43","320.00","2670","11501","P0","TheOuterWorlds2-WinGDK-Shipping","1118.1","TheOuterWorlds2-WinGDK-Shipping","9153.5"
"2026-05-31T17:09:04","0.01","39324","0.01","0.29","373189.71","61","43","6","10630","16376","113.01","320.00","2685","11501","P0","TheOuterWorlds2-WinGDK-Shipping","1136.7","TheOuterWorlds2-WinGDK-Shipping","9095.5"
"2026-05-31T17:09:09","0.01","39349","0.01","0","0","59","40","5","10630","16376","111.15","320.00","2685","11501","P0","TheOuterWorlds2-WinGDK-Shipping","1151.6","TheOuterWorlds2-WinGDK-Shipping","9082.4"
"2026-05-31T17:09:14","0.01","39282","0.01","0.05","328283.23","67","91","34","10905","16376","250.47","320.00","2670","11501","P0","TheOuterWorlds2-WinGDK-Shipping","1176","TheOuterWorlds2-WinGDK-Shipping","9121.9"
"2026-05-31T17:09:19","0.01","39285","0.01","0.04","109565.45","66","91","30","10909","16376","234.78","320.00","2670","11501","P0","TheOuterWorlds2-WinGDK-Shipping","1195.1","TheOuterWorlds2-WinGDK-Shipping","9124.9"
"2026-05-31T17:09:24","0.01","39257","0.01","0","0","67","88","32","10924","16376","239.00","320.00","2670","11501","P0","TheOuterWorlds2-WinGDK-Shipping","1215.2","TheOuterWorlds2-WinGDK-Shipping","9136.9"
"2026-05-31T17:09:29","0.01","39262","0.01","0.09","1825091.26","69","91","31","10913","16376","243.71","320.00","2670","11501","P0","TheOuterWorlds2-WinGDK-Shipping","1232.9","TheOuterWorlds2-WinGDK-Shipping","9131.5"
"2026-05-31T17:09:35","0.01","39254","0.01","0.21","332457.73","70","90","31","10937","16376","244.73","320.00","2670","11501","P0","TheOuterWorlds2-WinGDK-Shipping","1251.6","TheOuterWorlds2-WinGDK-Shipping","9139.2"
"2026-05-31T17:09:40","0.01","39230","0.01","0.15","1264778.95","70","89","31","10913","16376","244.56","320.00","2670","11501","P0","TheOuterWorlds2-WinGDK-Shipping","1271.1","TheOuterWorlds2-WinGDK-Shipping","9147.1"
"2026-05-31T17:09:45","0.01","39252","0.01","0","0","70","89","31","10920","16376","249.62","320.00","2670","11501","P0","TheOuterWorlds2-WinGDK-Shipping","1288.8","TheOuterWorlds2-WinGDK-Shipping","9147.3"
"2026-05-31T17:09:50","0.01","39240","0.01","0.03","28417.43","68","91","31","10909","16376","250.55","320.00","2670","11501","P0","TheOuterWorlds2-WinGDK-Shipping","1306.3","TheOuterWorlds2-WinGDK-Shipping","9133"
"2026-05-31T17:09:55","0.01","39272","0.01","0.01","64868.9","68","90","31","10904","16376","238.80","320.00","2670","11501","P0","TheOuterWorlds2-WinGDK-Shipping","1323.9","TheOuterWorlds2-WinGDK-Shipping","9135.9"
"2026-05-31T17:10:00","0.01","39296","0.01","0.44","11611895.84","68","91","29","10917","16376","185.43","320.00","2670","11501","P0","TheOuterWorlds2-WinGDK-Shipping","1341.6","TheOuterWorlds2-WinGDK-Shipping","9148.9"
"2026-05-31T17:10:05","0.01","39275","0.01","0.02","44610.11","68","89","28","10896","16376","236.71","320.00","2670","11501","P0","TheOuterWorlds2-WinGDK-Shipping","1364.9","TheOuterWorlds2-WinGDK-Shipping","9145.7"
"2026-05-31T17:10:10","0.01","40612","0.01","0.54","5864883.78","58","16","9","8396","16376","107.09","320.00","2685","11501","P0","TheOuterWorlds2-WinGDK-Shipping","1380.3","TheOuterWorlds2-WinGDK-Shipping","8143.1"
"2026-05-31T17:10:15","0.01","38878","0.01","0.8","6556948.34","56","55","15","10835","16376","51.59","320.00","1395","5001","P3","TheOuterWorlds2-WinGDK-Shipping","1397.2","TheOuterWorlds2-WinGDK-Shipping","9755.9"
"2026-05-31T17:10:20","0.01","39313","0.01","3.37","1814313.93","55","24","6","10060","16376","69.65","320.00","1560","11501","P0","TheOuterWorlds2-WinGDK-Shipping","1407.3","TheOuterWorlds2-WinGDK-Shipping","8988.7"
"2026-05-31T17:10:26","0.01","39380","0.01","0","0","67","94","32","10598","16376","240.80","320.00","2670","11501","P0","TheOuterWorlds2-WinGDK-Shipping","1424.6","TheOuterWorlds2-WinGDK-Shipping","9023.9"
"2026-05-31T17:10:31","0.01","39434","0.01","0.02","56757.45","59","41","6","10527","16376","110.05","320.00","2685","11501","P0","TheOuterWorlds2-WinGDK-Shipping","1439.9","TheOuterWorlds2-WinGDK-Shipping","8968.9"
"2026-05-31T17:10:36","0.01","39454","0.01","0.07","522878.56","58","40","5","10866","16376","111.67","320.00","2685","11501","P0","TheOuterWorlds2-WinGDK-Shipping","1456","TheOuterWorlds2-WinGDK-Shipping","8991.2"
"2026-05-31T17:10:41","0.01","39397","0.01","0.24","2409909.72","68","92","35","10810","16376","255.96","320.00","2670","11501","P0","TheOuterWorlds2-WinGDK-Shipping","1477.6","TheOuterWorlds2-WinGDK-Shipping","9025.2"
"2026-05-31T17:10:46","0.01","39344","0.01","0.05","1297719.7","67","93","31","10802","16376","239.18","320.00","2670","11501","P0","TheOuterWorlds2-WinGDK-Shipping","1496","TheOuterWorlds2-WinGDK-Shipping","9036.7"
"2026-05-31T17:10:51","0.01","39320","0.01","0.02","73095.68","68","90","30","10811","16376","244.44","320.00","2670","11501","P0","TheOuterWorlds2-WinGDK-Shipping","1515.9","TheOuterWorlds2-WinGDK-Shipping","9047"
"2026-05-31T17:10:56","0.01","39134","0.01","0.01","129680.22","69","91","30","10867","16376","239.91","320.00","2670","11501","P0","TheOuterWorlds2-WinGDK-Shipping","1536.6","TheOuterWorlds2-WinGDK-Shipping","9241.9"
"2026-05-31T17:11:01","0.01","39151","0.01","0.01","129707.54","69","88","33","10858","16376","247.93","320.00","2670","11501","P0","TheOuterWorlds2-WinGDK-Shipping","1554.3","TheOuterWorlds2-WinGDK-Shipping","9235.7"
"2026-05-31T17:11:06","0.01","39189","0.01","0","0","67","90","32","10862","16376","240.05","320.00","2670","11501","P0","TheOuterWorlds2-WinGDK-Shipping","1576.1","TheOuterWorlds2-WinGDK-Shipping","9195.6"
"2026-05-31T17:11:11","0.01","39181","0.01","0.01","129630.64","68","90","32","10908","16376","244.17","320.00","2670","11501","P0","TheOuterWorlds2-WinGDK-Shipping","1597.3","TheOuterWorlds2-WinGDK-Shipping","9211.9"
"2026-05-31T17:11:17","0.01","39174","0.01","0.06","1039247.4","68","88","32","10879","16376","244.58","320.00","2670","11501","P0","TheOuterWorlds2-WinGDK-Shipping","1616.2","TheOuterWorlds2-WinGDK-Shipping","9196.2"
"2026-05-31T17:11:22","0.01","39123","0.01","0.28","3572473.3","71","88","28","10880","16376","244.36","320.00","2670","11501","P0","TheOuterWorlds2-WinGDK-Shipping","1635","TheOuterWorlds2-WinGDK-Shipping","9206.7"
"2026-05-31T17:11:27","0.01","39146","0.01","0.03","778651.87","70","89","32","10903","16376","244.72","320.00","2670","11501","P0","TheOuterWorlds2-WinGDK-Shipping","1655.1","TheOuterWorlds2-WinGDK-Shipping","9185.1"
"2026-05-31T17:11:32","0.01","39152","0.01","0.01","4051.19","69","89","30","10875","16376","234.24","320.00","2670","11501","P0","TheOuterWorlds2-WinGDK-Shipping","1672.3","TheOuterWorlds2-WinGDK-Shipping","9188.5"
"2026-05-31T17:11:37","0.01","39083","0.01","0.21","5457768.94","68","87","25","10875","16376","223.43","320.00","2670","11501","P0","TheOuterWorlds2-WinGDK-Shipping","1694.5","TheOuterWorlds2-WinGDK-Shipping","9240.6"
"2026-05-31T17:11:42","0.01","39073","0.01","0.12","2854631.47","69","89","26","10882","16376","226.63","320.00","2670","11501","P0","TheOuterWorlds2-WinGDK-Shipping","1712.7","TheOuterWorlds2-WinGDK-Shipping","9238.2"
"2026-05-31T17:11:47","0.01","39076","0.01","0.03","64966.28","69","90","24","10875","16376","221.94","320.00","2670","11501","P0","TheOuterWorlds2-WinGDK-Shipping","1729.9","TheOuterWorlds2-WinGDK-Shipping","9250.7"
"2026-05-31T17:11:52","0.01","39085","0.01","0.03","267611.9","70","95","28","10878","16376","235.11","320.00","2670","11501","P0","TheOuterWorlds2-WinGDK-Shipping","1747","TheOuterWorlds2-WinGDK-Shipping","9246"
"2026-05-31T17:11:57","0.01","39074","0.01","0.52","4882262.41","69","90","28","10870","16376","230.82","320.00","2670","11501","P0","TheOuterWorlds2-WinGDK-Shipping","1763.9","TheOuterWorlds2-WinGDK-Shipping","9246.3"
"2026-05-31T17:12:02","0.01","39064","0.01","0.02","259646.36","67","88","29","10870","16376","231.69","320.00","2670","11501","P0","TheOuterWorlds2-WinGDK-Shipping","1782.9","TheOuterWorlds2-WinGDK-Shipping","9262.3"
"2026-05-31T17:12:07","0.01","39105","0.01","0.08","438329.32","69","89","28","10871","16376","230.58","320.00","2670","11501","P0","TheOuterWorlds2-WinGDK-Shipping","1804.2","TheOuterWorlds2-WinGDK-Shipping","9223.2"
"2026-05-31T17:12:13","0.01","39078","0.01","0.06","616741.65","69","91","30","10871","16376","237.48","320.00","2670","11501","P0","TheOuterWorlds2-WinGDK-Shipping","1822.8","TheOuterWorlds2-WinGDK-Shipping","9234.4"
"2026-05-31T17:12:18","0.01","39076","0.01","0.09","916248.74","69","94","33","10911","16376","242.94","320.00","2670","11501","P0","TheOuterWorlds2-WinGDK-Shipping","1840.4","TheOuterWorlds2-WinGDK-Shipping","9238.2"
"2026-05-31T17:12:23","0.01","39103","0.01","0","0","69","90","30","10879","16376","235.54","320.00","2670","11501","P0","TheOuterWorlds2-WinGDK-Shipping","1858.2","TheOuterWorlds2-WinGDK-Shipping","9198.6"
"2026-05-31T17:12:28","0.01","39089","0.01","0.06","418037.46","71","90","28","10879","16376","234.32","320.00","2670","11501","P0","TheOuterWorlds2-WinGDK-Shipping","1875","TheOuterWorlds2-WinGDK-Shipping","9204.7"
"2026-05-31T17:12:33","0.01","39091","0.01","0.77","7055316.36","69","85","29","10875","16376","234.72","320.00","2670","11501","P0","TheOuterWorlds2-WinGDK-Shipping","1892.1","TheOuterWorlds2-WinGDK-Shipping","9205.5"
"2026-05-31T17:12:38","0.01","39078","0.01","0.97","6421900.33","71","86","29","10871","16376","240.22","320.00","2670","11501","P0","TheOuterWorlds2-WinGDK-Shipping","1909","TheOuterWorlds2-WinGDK-Shipping","9216.9"
"2026-05-31T17:12:43","0.01","39095","0.01","0.01","4048.16","70","83","26","10928","16376","238.54","320.00","2670","11501","P0","TheOuterWorlds2-WinGDK-Shipping","1927.3","TheOuterWorlds2-WinGDK-Shipping","9220"
"2026-05-31T17:12:48","0.01","39089","0.01","0.15","409927.37","69","88","29","10884","16376","233.77","320.00","2670","11501","P0","TheOuterWorlds2-WinGDK-Shipping","1945.2","TheOuterWorlds2-WinGDK-Shipping","9213"
"2026-05-31T17:12:53","0.01","39095","0.01","0.07","652534.37","70","93","32","10920","16376","236.56","320.00","2670","11501","P0","TheOuterWorlds2-WinGDK-Shipping","1962.7","TheOuterWorlds2-WinGDK-Shipping","9207.7"
"2026-05-31T17:12:58","0.01","39128","0.01","0.04","113504.57","68","93","32","10936","16376","242.74","320.00","2670","11501","P0","TheOuterWorlds2-WinGDK-Shipping","1979.5","TheOuterWorlds2-WinGDK-Shipping","9212.1"
"2026-05-31T17:13:04","0.01","39142","0.01","0","0","70","91","31","10858","16376","239.24","320.00","2670","11501","P0","TheOuterWorlds2-WinGDK-Shipping","1995.7","TheOuterWorlds2-WinGDK-Shipping","9205.6"
"2026-05-31T17:13:09","0.01","39194","0.01","0.07","969019.11","68","87","30","10848","16376","237.99","320.00","2670","11501","P0","TheOuterWorlds2-WinGDK-Shipping","2014.2","TheOuterWorlds2-WinGDK-Shipping","9164.9"
"2026-05-31T17:13:14","0.01","39159","0.01","0.14","673986.32","70","96","34","10844","16376","241.73","320.00","2670","11501","P0","TheOuterWorlds2-WinGDK-Shipping","2029.7","TheOuterWorlds2-WinGDK-Shipping","9180.4"
"2026-05-31T17:13:19","0.01","39120","0.01","0.03","263590.52","70","90","32","10854","16376","244.68","320.00","2670","11501","P0","TheOuterWorlds2-WinGDK-Shipping","2046.8","TheOuterWorlds2-WinGDK-Shipping","9186.9"
"2026-05-31T17:13:24","0.01","39126","0.01","0.03","129747.37","68","91","33","10875","16376","250.29","320.00","2670","11501","P0","TheOuterWorlds2-WinGDK-Shipping","2065.2","TheOuterWorlds2-WinGDK-Shipping","9194.1"
"2026-05-31T17:13:29","0.01","39140","0.01","0.08","458629.03","71","92","32","10880","16376","248.48","320.00","2670","11501","P0","TheOuterWorlds2-WinGDK-Shipping","2083.8","TheOuterWorlds2-WinGDK-Shipping","9185.2"
"2026-05-31T17:13:34","0.01","39120","0.01","0.06","356828.58","69","92","31","10879","16376","246.50","320.00","2670","11501","P0","TheOuterWorlds2-WinGDK-Shipping","2100.2","TheOuterWorlds2-WinGDK-Shipping","9189.6"
"2026-05-31T17:13:39","0.01","39145","0.01","0","24331.56","71","92","31","10895","16376","242.48","320.00","2670","11501","P0","TheOuterWorlds2-WinGDK-Shipping","2118","TheOuterWorlds2-WinGDK-Shipping","9182.3"
"2026-05-31T17:13:44","0.01","39138","0.01","0.39","3844092.71","70","92","32","10879","16376","243.13","320.00","2670","11501","P0","TheOuterWorlds2-WinGDK-Shipping","2134.8","TheOuterWorlds2-WinGDK-Shipping","9186.2"
"2026-05-31T17:13:49","0.01","39129","0.01","0.01","85101.23","69","88","31","10906","16376","244.89","320.00","2670","11501","P0","TheOuterWorlds2-WinGDK-Shipping","2157.5","TheOuterWorlds2-WinGDK-Shipping","9201.4"
"2026-05-31T17:13:54","0.01","39117","0.01","0.09","912337.04","69","86","31","10903","16376","243.41","320.00","2670","11501","P0","TheOuterWorlds2-WinGDK-Shipping","2174.9","TheOuterWorlds2-WinGDK-Shipping","9221.4"
"2026-05-31T17:14:00","0.01","39090","0.01","0.5","6046137.98","71","93","33","10891","16376","237.97","320.00","2670","11501","P0","TheOuterWorlds2-WinGDK-Shipping","2191.8","TheOuterWorlds2-WinGDK-Shipping","9209.9"
"2026-05-31T17:14:05","0.01","39251","0.01","0.12","669291.72","71","89","30","10956","16376","237.71","320.00","2670","11501","P0","TheOuterWorlds2-WinGDK-Shipping","2210.2","TheOuterWorlds2-WinGDK-Shipping","9075.2"
"2026-05-31T17:14:10","0.01","39220","0.01","0.01","186569.5","68","87","26","10711","16376","227.45","320.00","2670","11501","P0","TheOuterWorlds2-WinGDK-Shipping","2227.7","TheOuterWorlds2-WinGDK-Shipping","9072"
"2026-05-31T17:14:15","0.01","39065","0.01","0.02","36517.66","71","88","31","10855","16376","237.38","320.00","2670","11501","P0","TheOuterWorlds2-WinGDK-Shipping","2248.7","TheOuterWorlds2-WinGDK-Shipping","9259.7"
"2026-05-31T17:14:20","0.01","39084","0.01","0.03","101320.3","71","88","30","10879","16376","240.13","320.00","2670","11501","P0","TheOuterWorlds2-WinGDK-Shipping","2266.2","TheOuterWorlds2-WinGDK-Shipping","9247.2"
"2026-05-31T17:14:25","0.01","39058","0.01","0.16","814912.99","70","88","32","10726","16376","243.17","320.00","2670","11501","P0","TheOuterWorlds2-WinGDK-Shipping","2283","TheOuterWorlds2-WinGDK-Shipping","9256.5"
"2026-05-31T17:14:30","0.01","39071","0.01","0.04","56821.28","68","86","25","10875","16376","231.72","320.00","2670","11501","P0","TheOuterWorlds2-WinGDK-Shipping","2299.9","TheOuterWorlds2-WinGDK-Shipping","9251.6"
"2026-05-31T17:14:35","0.01","39089","0.01","0.06","178359.08","70","86","27","10880","16376","233.20","320.00","2670","11501","P0","TheOuterWorlds2-WinGDK-Shipping","2317.7","TheOuterWorlds2-WinGDK-Shipping","9248.8"
"2026-05-31T17:14:40","0.01","39086","0.01","0","0","69","89","28","10876","16376","237.55","320.00","2670","11501","P0","TheOuterWorlds2-WinGDK-Shipping","2335.1","TheOuterWorlds2-WinGDK-Shipping","9248.5"
"2026-05-31T17:14:45","0.01","39096","0.01","0.04","194827.9","71","92","30","10871","16376","228.60","320.00","2670","11501","P0","TheOuterWorlds2-WinGDK-Shipping","2352.1","TheOuterWorlds2-WinGDK-Shipping","9256.6"
"2026-05-31T17:14:51","0.01","39122","0.01","0.06","137957.04","70","86","27","10726","16376","235.07","320.00","2670","11501","P0","TheOuterWorlds2-WinGDK-Shipping","2369.1","TheOuterWorlds2-WinGDK-Shipping","9224"
"2026-05-31T17:14:56","0.01","39106","0.01","0.02","259721.24","70","86","30","10743","16376","239.90","320.00","2670","11501","P0","TheOuterWorlds2-WinGDK-Shipping","2386.4","TheOuterWorlds2-WinGDK-Shipping","9229.4"
"2026-05-31T17:15:01","0.01","39104","0.01","0.55","5886391.08","71","90","30","10912","16376","234.00","320.00","2670","11501","P0","TheOuterWorlds2-WinGDK-Shipping","2402.9","TheOuterWorlds2-WinGDK-Shipping","9232.6"
"2026-05-31T17:15:06","0.01","39076","0.01","0.29","1361972.58","68","86","29","10908","16376","243.25","320.00","2670","11501","P0","TheOuterWorlds2-WinGDK-Shipping","2418.2","TheOuterWorlds2-WinGDK-Shipping","9225.8"
"2026-05-31T17:15:11","0.01","39059","0.01","1.04","3325001.8","70","88","28","10907","16376","233.24","320.00","2670","11501","P0","TheOuterWorlds2-WinGDK-Shipping","2434.9","TheOuterWorlds2-WinGDK-Shipping","9251"
"2026-05-31T17:15:16","0.01","38995","0.01","0.07","1556858.71","70","83","28","10902","16376","229.36","320.00","2670","11501","P0","TheOuterWorlds2-WinGDK-Shipping","2458","TheOuterWorlds2-WinGDK-Shipping","9268.3"
"2026-05-31T17:15:21","0.01","39051","0.01","0.42","6115214.75","68","87","28","10854","16376","237.56","320.00","2670","11501","P0","TheOuterWorlds2-WinGDK-Shipping","2476","TheOuterWorlds2-WinGDK-Shipping","9264.3"
"2026-05-31T17:15:26","0.01","39066","0.01","0.14","798290.54","69","89","27","10908","16376","237.36","320.00","2670","11501","P0","TheOuterWorlds2-WinGDK-Shipping","2490.2","TheOuterWorlds2-WinGDK-Shipping","9257.2"
"2026-05-31T17:15:31","0.01","39101","0.01","0.08","1384704.44","68","87","30","10910","16376","237.70","320.00","2670","11501","P0","TheOuterWorlds2-WinGDK-Shipping","2507.6","TheOuterWorlds2-WinGDK-Shipping","9266.9"
"2026-05-31T17:15:36","0.01","39156","0.01","0.02","259233.05","71","87","29","10871","16376","239.15","320.00","2670","11501","P0","TheOuterWorlds2-WinGDK-Shipping","2523.8","TheOuterWorlds2-WinGDK-Shipping","9176.5"
"2026-05-31T17:15:41","0.01","39120","0.01","0.1","1191590.99","71","88","27","10870","16376","243.07","320.00","2670","11501","P0","TheOuterWorlds2-WinGDK-Shipping","2541.2","TheOuterWorlds2-WinGDK-Shipping","9197.2"
"2026-05-31T17:15:47","0.01","39123","0.01","0.04","178467.35","70","90","30","10875","16376","244.55","320.00","2670","11501","P0","TheOuterWorlds2-WinGDK-Shipping","2559.1","TheOuterWorlds2-WinGDK-Shipping","9188.8"
"2026-05-31T17:15:52","0.01","39117","0.01","0.06","725860.43","71","88","29","10858","16376","241.08","320.00","2670","11501","P0","TheOuterWorlds2-WinGDK-Shipping","2573","TheOuterWorlds2-WinGDK-Shipping","9180.2"
"2026-05-31T17:15:57","0.01","39080","0.01","0.07","1557018.69","70","88","28","10854","16376","240.61","320.00","2670","11501","P0","TheOuterWorlds2-WinGDK-Shipping","2590.8","TheOuterWorlds2-WinGDK-Shipping","9226.8"
"2026-05-31T17:16:02","0.01","39132","0.01","0.16","1398537.03","69","91","29","10858","16376","238.37","320.00","2670","11501","P0","TheOuterWorlds2-WinGDK-Shipping","2607.2","TheOuterWorlds2-WinGDK-Shipping","9215.2"
"2026-05-31T17:16:07","0.01","39086","0.01","0.22","241309.95","56","28","4","10321","16376","48.64","320.00","1260","5001","P3","TheOuterWorlds2-WinGDK-Shipping","2614.1","TheOuterWorlds2-WinGDK-Shipping","9218.7"
"2026-05-31T17:16:12","0.01","39222","0.01","0.04","117602.76","68","91","27","10839","16376","247.21","320.00","2670","11501","P0","TheOuterWorlds2-WinGDK-Shipping","2629.8","TheOuterWorlds2-WinGDK-Shipping","9093.7"
"2026-05-31T17:16:17","0.01","39171","0.01","0.39","3952048.95","69","86","29","10836","16376","238.39","320.00","2670","11501","P0","TheOuterWorlds2-WinGDK-Shipping","2647.7","TheOuterWorlds2-WinGDK-Shipping","9106.2"
"2026-05-31T17:16:22","0.01","39214","0.01","0.43","12314450.46","70","87","28","10787","16376","242.55","320.00","2670","11501","P0","TheOuterWorlds2-WinGDK-Shipping","2665.5","TheOuterWorlds2-WinGDK-Shipping","9081.2"
"2026-05-31T17:16:27","0.01","39208","0.01","0.11","2872133.86","70","89","30","10655","16376","243.94","320.00","2670","11501","P0","TheOuterWorlds2-WinGDK-Shipping","2681.8","TheOuterWorlds2-WinGDK-Shipping","9089.9"
"2026-05-31T17:16:32","0.01","39218","0.01","0.11","2075785.73","69","88","29","10799","16376","239.09","320.00","2670","11501","P0","TheOuterWorlds2-WinGDK-Shipping","2698.9","TheOuterWorlds2-WinGDK-Shipping","9086.9"
"2026-05-31T17:16:37","0.01","39229","0.01","0.49","5811835.95","70","87","30","10799","16376","241.51","320.00","2670","11501","P0","TheOuterWorlds2-WinGDK-Shipping","2715.8","TheOuterWorlds2-WinGDK-Shipping","9089.4"
"2026-05-31T17:16:43","0.01","39174","0.01","0.03","239159.73","68","89","29","10787","16376","242.36","320.00","2670","11501","P0","TheOuterWorlds2-WinGDK-Shipping","2733.2","TheOuterWorlds2-WinGDK-Shipping","9091"
"2026-05-31T17:16:48","0.01","39196","0.01","0.07","340519.77","68","88","30","10788","16376","241.62","320.00","2670","11501","P0","TheOuterWorlds2-WinGDK-Shipping","2751.7","TheOuterWorlds2-WinGDK-Shipping","9090.5"
"2026-05-31T17:16:53","0.01","39191","0.01","0","0","71","90","30","10787","16376","240.35","320.00","2670","11501","P0","TheOuterWorlds2-WinGDK-Shipping","2768.5","TheOuterWorlds2-WinGDK-Shipping","9094.8"
"2026-05-31T17:16:58","0.01","39093","0.01","1.85","2024322.15","67","90","27","10212","16376","222.68","320.00","2670","11501","P0","TheOuterWorlds2-WinGDK-Shipping","2780.4","TheOuterWorlds2-WinGDK-Shipping","9086.2"
"2026-05-31T17:17:03","0.01","39118","0.01","0.01","64904.07","69","92","28","10145","16376","221.62","320.00","2670","11501","P0","TheOuterWorlds2-WinGDK-Shipping","2797.8","TheOuterWorlds2-WinGDK-Shipping","9088"
"2026-05-31T17:17:08","0.01","39124","0.01","0.03","97344.62","69","93","30","10726","16376","252.06","320.00","2670","11501","P0","TheOuterWorlds2-WinGDK-Shipping","2810.7","TheOuterWorlds2-WinGDK-Shipping","9091.1"
"2026-05-31T17:17:13","0.01","39133","0.01","0.04","410374.39","69","91","29","10726","16376","246.11","320.00","2670","11501","P0","TheOuterWorlds2-WinGDK-Shipping","2829.2","TheOuterWorlds2-WinGDK-Shipping","9050.3"
"2026-05-31T17:17:18","0.01","39128","0.01","0.44","3009848.95","70","88","29","10731","16376","243.52","320.00","2670","11501","P0","TheOuterWorlds2-WinGDK-Shipping","2846.1","TheOuterWorlds2-WinGDK-Shipping","9051.5"
"2026-05-31T17:17:23","0.01","39166","0.01","0.06","640584.84","71","91","30","10594","16376","235.93","320.00","2670","11501","P0","TheOuterWorlds2-WinGDK-Shipping","2863.4","TheOuterWorlds2-WinGDK-Shipping","9055.2"
"2026-05-31T17:17:28","0.01","39176","0.01","1.65","6944876.79","68","86","31","10594","16376","228.42","320.00","2670","11501","P0","TheOuterWorlds2-WinGDK-Shipping","2880.4","TheOuterWorlds2-WinGDK-Shipping","9048.4"
"2026-05-31T17:17:34","0.01","39223","0.01","0.03","44614.39","70","87","30","10594","16376","224.35","320.00","2670","11501","P0","TheOuterWorlds2-WinGDK-Shipping","2897.4","TheOuterWorlds2-WinGDK-Shipping","9048.5"
"2026-05-31T17:17:39","0.01","39231","0.01","0.23","1037279.3","68","85","30","10594","16376","223.60","320.00","2670","11501","P0","TheOuterWorlds2-WinGDK-Shipping","2915.3","TheOuterWorlds2-WinGDK-Shipping","9051.8"
"2026-05-31T17:17:44","0.01","39114","0.01","0.17","344528.8","67","84","30","10639","16376","223.79","320.00","2670","11501","P0","TheOuterWorlds2-WinGDK-Shipping","2932.2","TheOuterWorlds2-WinGDK-Shipping","9054.1"
"2026-05-31T17:17:49","0.01","39176","0.01","0.06","352735.96","70","84","28","10618","16376","227.13","320.00","2670","11501","P0","TheOuterWorlds2-WinGDK-Shipping","2949","TheOuterWorlds2-WinGDK-Shipping","9056"
"2026-05-31T17:17:54","0.01","39161","0.01","0","0","68","85","29","10626","16376","240.24","320.00","2670","11501","P0","TheOuterWorlds2-WinGDK-Shipping","2965.2","TheOuterWorlds2-WinGDK-Shipping","9061.4"
"2026-05-31T17:17:59","0.01","39134","0.01","0.4","4445269.62","69","85","28","10618","16376","227.70","320.00","2670","11501","P0","TheOuterWorlds2-WinGDK-Shipping","2982.6","TheOuterWorlds2-WinGDK-Shipping","9061"
"2026-05-31T17:18:04","0.01","39184","0.01","0.09","28388.92","69","85","30","10618","16376","228.90","320.00","2670","11501","P0","TheOuterWorlds2-WinGDK-Shipping","3000.6","TheOuterWorlds2-WinGDK-Shipping","9060.9"
"2026-05-31T17:18:09","0.01","39161","0.01","0","0","68","85","31","10618","16376","228.68","320.00","2670","11501","P0","TheOuterWorlds2-WinGDK-Shipping","3019","TheOuterWorlds2-WinGDK-Shipping","9056.8"
"2026-05-31T17:18:14","0.01","39167","0.01","0.18","267788.32","70","87","29","10759","16376","244.40","320.00","2670","11501","P0","TheOuterWorlds2-WinGDK-Shipping","3034.8","TheOuterWorlds2-WinGDK-Shipping","9051.5"
"2026-05-31T17:18:19","0.01","39159","0.01","0.07","875152.9","71","89","28","10758","16376","239.99","320.00","2670","11501","P0","TheOuterWorlds2-WinGDK-Shipping","3051.9","TheOuterWorlds2-WinGDK-Shipping","9063.5"
"2026-05-31T17:18:24","0.01","39104","0.01","0.36","2517673.89","70","89","26","10843","16376","232.77","320.00","2670","11501","P0","TheOuterWorlds2-WinGDK-Shipping","3069.5","TheOuterWorlds2-WinGDK-Shipping","9116.9"
"2026-05-31T17:18:30","0.01","39090","0.01","0.32","10121326.83","70","91","24","10852","16376","233.64","320.00","2670","11501","P0","TheOuterWorlds2-WinGDK-Shipping","3084.8","TheOuterWorlds2-WinGDK-Shipping","9128.8"
"2026-05-31T17:18:35","0.01","39081","0.01","1.63","754262.31","72","91","24","10748","16376","258.87","320.00","2670","11501","P0","TheOuterWorlds2-WinGDK-Shipping","3098.6","TheOuterWorlds2-WinGDK-Shipping","9120.2"
"2026-05-31T17:18:40","0.01","39081","0.01","0.57","5757328.68","73","89","24","10748","16376","257.73","320.00","2670","11501","P0","TheOuterWorlds2-WinGDK-Shipping","3112.7","TheOuterWorlds2-WinGDK-Shipping","9113.6"
"2026-05-31T17:18:45","0.01","39082","0.01","0.03","24340.77","71","90","24","10748","16376","257.97","320.00","2670","11501","P0","TheOuterWorlds2-WinGDK-Shipping","3126.8","TheOuterWorlds2-WinGDK-Shipping","9115.2"
"2026-05-31T17:18:50","0.01","39069","0.01","0","0","74","90","24","10748","16376","257.97","320.00","2670","11501","P0","TheOuterWorlds2-WinGDK-Shipping","3141.7","TheOuterWorlds2-WinGDK-Shipping","9118.1"
"2026-05-31T17:18:55","0.01","39053","0.01","0.07","324448.65","72","92","25","10748","16376","259.05","320.00","2670","11501","P0","TheOuterWorlds2-WinGDK-Shipping","3156.4","TheOuterWorlds2-WinGDK-Shipping","9118.4"
"2026-05-31T17:19:00","0.01","39050","0.01","1.7","7569213.84","73","89","24","10748","16376","259.04","320.00","2670","11501","P0","TheOuterWorlds2-WinGDK-Shipping","3169.9","TheOuterWorlds2-WinGDK-Shipping","9113.5"
"2026-05-31T17:19:05","0.01","39054","0.01","0.01","36481.5","72","90","25","10748","16376","259.00","320.00","2670","11501","P0","TheOuterWorlds2-WinGDK-Shipping","3182.2","TheOuterWorlds2-WinGDK-Shipping","9113.7"
"2026-05-31T17:19:10","0.01","39051","0.01","0","0","72","92","25","10748","16376","258.21","320.00","2670","11501","P0","TheOuterWorlds2-WinGDK-Shipping","3195.9","TheOuterWorlds2-WinGDK-Shipping","9113.4"
"2026-05-31T17:19:15","0.01","39064","0.01","0.32","2031559.17","73","89","24","10748","16376","258.09","320.00","2670","11501","P0","TheOuterWorlds2-WinGDK-Shipping","3210.4","TheOuterWorlds2-WinGDK-Shipping","9096.1"
"2026-05-31T17:19:20","0.01","39112","0.01","0.04","316580.87","72","92","26","10748","16376","259.09","320.00","2670","11501","P0","TheOuterWorlds2-WinGDK-Shipping","3224","TheOuterWorlds2-WinGDK-Shipping","9085.8"
"2026-05-31T17:19:26","0.01","39120","0.01","0","0","71","90","24","10748","16376","258.51","320.00","2670","11501","P0","TheOuterWorlds2-WinGDK-Shipping","3237.5","TheOuterWorlds2-WinGDK-Shipping","9087"
"2026-05-31T17:19:31","0.01","39114","0.01","0.02","24335.83","72","91","26","10748","16376","259.06","320.00","2670","11501","P0","TheOuterWorlds2-WinGDK-Shipping","3251.1","TheOuterWorlds2-WinGDK-Shipping","9086.6"
"2026-05-31T17:19:36","0.01","39132","0.01","0","0","72","90","25","10748","16376","259.20","320.00","2670","11501","P0","TheOuterWorlds2-WinGDK-Shipping","3264.1","TheOuterWorlds2-WinGDK-Shipping","9085.7"
"2026-05-31T17:19:41","0.01","39131","0.01","0.04","182438.13","73","91","24","10748","16376","258.46","320.00","2670","11501","P0","TheOuterWorlds2-WinGDK-Shipping","3278.1","TheOuterWorlds2-WinGDK-Shipping","9086.9"
"2026-05-31T17:19:46","0.01","39127","0.01","0.01","4055.05","72","91","24","10748","16376","257.74","320.00","2670","11501","P0","TheOuterWorlds2-WinGDK-Shipping","3291.8","TheOuterWorlds2-WinGDK-Shipping","9088.8"
"2026-05-31T17:19:51","0.01","39121","0.01","0.14","1176088.41","71","90","25","10748","16376","258.36","320.00","2670","11501","P0","TheOuterWorlds2-WinGDK-Shipping","3305.5","TheOuterWorlds2-WinGDK-Shipping","9088.8"
"2026-05-31T17:19:56","0.01","39091","0.01","0.57","3866943.83","72","87","24","10748","16376","254.63","320.00","2670","11501","P0","TheOuterWorlds2-WinGDK-Shipping","3321","TheOuterWorlds2-WinGDK-Shipping","9088.6"
"2026-05-31T17:20:01","0.01","39080","0.01","0.29","1467469.77","72","87","24","10748","16376","253.13","320.00","2670","11501","P0","TheOuterWorlds2-WinGDK-Shipping","3336","TheOuterWorlds2-WinGDK-Shipping","9089.1"
"2026-05-31T17:20:06","0.01","39123","0.01","0","0","72","88","24","10748","16376","255.52","320.00","2670","11501","P0","TheOuterWorlds2-WinGDK-Shipping","3348.7","TheOuterWorlds2-WinGDK-Shipping","9089.8"
"2026-05-31T17:20:11","0.01","39149","0.01","0.04","186480.54","73","89","24","10748","16376","256.74","320.00","2670","11501","P0","TheOuterWorlds2-WinGDK-Shipping","3361.7","TheOuterWorlds2-WinGDK-Shipping","9089.8"
"2026-05-31T17:20:16","0.01","39140","0.01","0.09","385236.66","74","90","24","10716","16376","257.03","320.00","2670","11501","P0","TheOuterWorlds2-WinGDK-Shipping","3375","TheOuterWorlds2-WinGDK-Shipping","9075.8"
"2026-05-31T17:20:21","0.01","39251","0.01","0.11","1650630.56","72","89","24","10716","16376","257.79","320.00","2670","11501","P0","TheOuterWorlds2-WinGDK-Shipping","3389.1","TheOuterWorlds2-WinGDK-Shipping","8969"
"2026-05-31T17:20:27","0.01","39238","0.01","0.01","73009.49","73","90","24","10716","16376","257.53","320.00","2670","11501","P0","TheOuterWorlds2-WinGDK-Shipping","3403.2","TheOuterWorlds2-WinGDK-Shipping","8969.4"
"2026-05-31T17:20:32","0.01","39244","0.01","0.53","527138.82","71","92","26","10716","16376","257.99","320.00","2670","11501","P0","TheOuterWorlds2-WinGDK-Shipping","3417.2","TheOuterWorlds2-WinGDK-Shipping","8969.4"
"2026-05-31T17:20:37","0.01","39248","0.01","0.05","608330.38","72","90","24","10716","16376","257.96","320.00","2670","11501","P0","TheOuterWorlds2-WinGDK-Shipping","3430.8","TheOuterWorlds2-WinGDK-Shipping","8973.4"
"2026-05-31T17:20:42","0.01","39250","0.01","0","0","72","91","26","10716","16376","257.77","320.00","2670","11501","P0","TheOuterWorlds2-WinGDK-Shipping","3444.8","TheOuterWorlds2-WinGDK-Shipping","8968.5"
"2026-05-31T17:20:47","0.01","39283","0.01","0.04","214881.04","72","89","25","10716","16376","258.71","320.00","2670","11501","P0","TheOuterWorlds2-WinGDK-Shipping","3458.4","TheOuterWorlds2-WinGDK-Shipping","8966.7"
"2026-05-31T17:20:52","0.01","39273","0.01","0.02","157938.93","72","89","24","10716","16376","258.64","320.00","2670","11501","P0","TheOuterWorlds2-WinGDK-Shipping","3472.1","TheOuterWorlds2-WinGDK-Shipping","8968.5"
"2026-05-31T17:20:57","0.01","39250","0.01","0","0","71","90","26","10716","16376","259.99","320.00","2670","11501","P0","TheOuterWorlds2-WinGDK-Shipping","3485.2","TheOuterWorlds2-WinGDK-Shipping","8968.7"
"2026-05-31T17:21:02","0.01","39247","0.01","0","0","71","91","25","10716","16376","258.45","320.00","2670","11501","P0","TheOuterWorlds2-WinGDK-Shipping","3498.9","TheOuterWorlds2-WinGDK-Shipping","8968.5"
"2026-05-31T17:21:07","0.01","39237","0.01","0.62","2595877.36","72","91","26","10716","16376","258.48","320.00","2670","11501","P0","TheOuterWorlds2-WinGDK-Shipping","3512.4","TheOuterWorlds2-WinGDK-Shipping","8969.5"
"2026-05-31T17:21:12","0.01","39242","0.01","0.41","3618131.26","71","91","24","10716","16376","257.98","320.00","2670","11501","P0","TheOuterWorlds2-WinGDK-Shipping","3525.5","TheOuterWorlds2-WinGDK-Shipping","8970"
"2026-05-31T17:21:17","0.01","39255","0.01","0.03","267366.84","72","90","25","10716","16376","258.35","320.00","2670","11501","P0","TheOuterWorlds2-WinGDK-Shipping","3539.2","TheOuterWorlds2-WinGDK-Shipping","8957.4"
"2026-05-31T17:21:23","0.01","39257","0.01","0","0","72","91","27","10716","16376","259.55","320.00","2670","11501","P0","TheOuterWorlds2-WinGDK-Shipping","3554.3","TheOuterWorlds2-WinGDK-Shipping","8956.8"
"2026-05-31T17:21:28","0.01","39248","0.01","0","0","71","91","24","10716","16376","258.32","320.00","2670","11501","P0","TheOuterWorlds2-WinGDK-Shipping","3567.8","TheOuterWorlds2-WinGDK-Shipping","8959.5"
"2026-05-31T17:21:33","0.01","39247","0.01","0.03","32440.74","72","89","24","10716","16376","257.98","320.00","2670","11501","P0","TheOuterWorlds2-WinGDK-Shipping","3582.1","TheOuterWorlds2-WinGDK-Shipping","8960.2"
"2026-05-31T17:21:38","0.01","39254","0.01","0.02","16230.31","71","91","25","10716","16376","258.88","320.00","2670","11501","P0","TheOuterWorlds2-WinGDK-Shipping","3596.6","TheOuterWorlds2-WinGDK-Shipping","8962.6"
"2026-05-31T17:21:43","0.01","39276","0.01","0","0","74","88","24","10716","16376","258.33","320.00","2670","11501","P0","TheOuterWorlds2-WinGDK-Shipping","3610.6","TheOuterWorlds2-WinGDK-Shipping","8963.3"
"2026-05-31T17:21:48","0.01","39249","0.01","0.04","247250.08","71","90","24","10716","16376","258.38","320.00","2670","11501","P0","TheOuterWorlds2-WinGDK-Shipping","3624.3","TheOuterWorlds2-WinGDK-Shipping","8964.5"
"2026-05-31T17:21:53","0.01","39246","0.01","0","0","71","90","24","10716","16376","257.75","320.00","2670","11501","P0","TheOuterWorlds2-WinGDK-Shipping","3637.7","TheOuterWorlds2-WinGDK-Shipping","8965.3"
"2026-05-31T17:21:58","0.01","39244","0.01","0","0","74","89","25","10716","16376","257.70","320.00","2670","11501","P0","TheOuterWorlds2-WinGDK-Shipping","3653.2","TheOuterWorlds2-WinGDK-Shipping","8966.4"
"2026-05-31T17:22:03","0.01","39241","0.01","0.04","89226.98","71","90","24","10716","16376","258.41","320.00","2670","11501","P0","TheOuterWorlds2-WinGDK-Shipping","3667.3","TheOuterWorlds2-WinGDK-Shipping","8966.6"
"2026-05-31T17:22:08","0.01","39232","0.01","0.09","855489.54","71","90","24","10716","16376","258.96","320.00","2670","11501","P0","TheOuterWorlds2-WinGDK-Shipping","3681.1","TheOuterWorlds2-WinGDK-Shipping","8968"
"2026-05-31T17:22:13","0.01","39227","0.01","0.52","6760020.11","73","88","24","10716","16376","257.22","320.00","2670","11501","P0","TheOuterWorlds2-WinGDK-Shipping","3694.3","TheOuterWorlds2-WinGDK-Shipping","8968.7"
"2026-05-31T17:22:19","0.01","39203","0.01","0.01","8106.86","71","91","24","10716","16376","255.24","320.00","2670","11501","P0","TheOuterWorlds2-WinGDK-Shipping","3709.7","TheOuterWorlds2-WinGDK-Shipping","8959.3"
"2026-05-31T17:22:24","0.01","39187","0.01","0.46","1574741.48","72","89","24","10716","16376","255.09","320.00","2670","11501","P0","TheOuterWorlds2-WinGDK-Shipping","3723.6","TheOuterWorlds2-WinGDK-Shipping","8960.5"
"2026-05-31T17:22:29","0.01","39224","0.01","0.07","336825.29","70","89","24","10716","16376","256.01","320.00","2670","11501","P0","TheOuterWorlds2-WinGDK-Shipping","3737.4","TheOuterWorlds2-WinGDK-Shipping","8963.3"
"2026-05-31T17:22:34","0.01","39224","0.01","0.09","823325.39","73","88","25","10716","16376","258.47","320.00","2670","11501","P0","TheOuterWorlds2-WinGDK-Shipping","3751","TheOuterWorlds2-WinGDK-Shipping","8963.6"
"2026-05-31T17:22:39","0.01","39233","0.01","0","0","70","91","24","10716","16376","259.93","320.00","2670","11501","P0","TheOuterWorlds2-WinGDK-Shipping","3763.6","TheOuterWorlds2-WinGDK-Shipping","8962.2"
"2026-05-31T17:22:44","0.01","39224","0.01","0.06","737628.65","71","98","28","10815","16376","252.00","320.00","2670","11501","P0","TheOuterWorlds2-WinGDK-Shipping","3778.8","TheOuterWorlds2-WinGDK-Shipping","8984.1"
"2026-05-31T17:22:49","0.01","39188","0.01","0.08","211021.17","69","90","26","10698","16376","236.48","320.00","2670","11501","P0","TheOuterWorlds2-WinGDK-Shipping","3797.2","TheOuterWorlds2-WinGDK-Shipping","9022"
"2026-05-31T17:22:54","0.01","39183","0.01","0","0","71","86","28","10831","16376","235.96","320.00","2670","11501","P0","TheOuterWorlds2-WinGDK-Shipping","3812.1","TheOuterWorlds2-WinGDK-Shipping","9017.1"
"2026-05-31T17:22:59","0.01","39146","0.01","0.05","1556853.47","71","91","34","10836","16376","241.83","320.00","2670","11501","P0","TheOuterWorlds2-WinGDK-Shipping","3831.1","TheOuterWorlds2-WinGDK-Shipping","9052.3"
"2026-05-31T17:23:04","0.01","39155","0.01","0.07","1844672.31","70","89","27","10835","16376","239.57","320.00","2670","11501","P0","TheOuterWorlds2-WinGDK-Shipping","3848.6","TheOuterWorlds2-WinGDK-Shipping","9057"
"2026-05-31T17:23:09","0.01","39156","0.01","6.06","2477497.26","68","84","28","10876","16376","233.44","320.00","2670","11501","P0","TheOuterWorlds2-WinGDK-Shipping","3866.4","TheOuterWorlds2-WinGDK-Shipping","9064.5"
"2026-05-31T17:23:15","0.01","39047","0.01","0","0","68","84","29","10944","16376","231.46","320.00","2670","11501","P0","TheOuterWorlds2-WinGDK-Shipping","3886.3","TheOuterWorlds2-WinGDK-Shipping","9184.7"
"2026-05-31T17:23:20","0.01","39000","0.01","0.05","89239.84","69","89","30","10912","16376","231.34","320.00","2670","11501","P0","TheOuterWorlds2-WinGDK-Shipping","3904.2","TheOuterWorlds2-WinGDK-Shipping","9207.3"
"2026-05-31T17:23:25","0.01","38976","0.01","0.53","879346.23","67","89","29","10944","16376","232.12","320.00","2670","11501","P0","TheOuterWorlds2-WinGDK-Shipping","3923.5","TheOuterWorlds2-WinGDK-Shipping","9215.3"
"2026-05-31T17:23:30","0.01","38991","0.01","0.11","840044.22","71","91","29","10912","16376","241.31","320.00","2670","11501","P0","TheOuterWorlds2-WinGDK-Shipping","3939.8","TheOuterWorlds2-WinGDK-Shipping","9202.8"
"2026-05-31T17:23:35","0.01","38999","0.01","0.02","40561.07","68","91","29","10895","16376","246.29","320.00","2670","11501","P0","TheOuterWorlds2-WinGDK-Shipping","3955.4","TheOuterWorlds2-WinGDK-Shipping","9193.2"
"2026-05-31T17:23:40","0.01","38985","0.01","0.04","369298.5","68","87","27","10763","16376","236.88","320.00","2670","11501","P0","TheOuterWorlds2-WinGDK-Shipping","3971.4","TheOuterWorlds2-WinGDK-Shipping","9198.6"
"2026-05-31T17:23:45","0.01","38986","0.01","0.1","1371254.2","69","91","29","10762","16376","226.41","320.00","2670","11501","P0","TheOuterWorlds2-WinGDK-Shipping","3988.6","TheOuterWorlds2-WinGDK-Shipping","9197.4"
"2026-05-31T17:23:50","0.01","38994","0.01","1.11","6907460.44","67","88","28","10898","16376","230.23","320.00","2670","11501","P0","TheOuterWorlds2-WinGDK-Shipping","4004.8","TheOuterWorlds2-WinGDK-Shipping","9208.1"
"2026-05-31T17:23:55","0.01","38979","0.01","0","0","67","88","26","10911","16376","236.38","320.00","2670","11501","P0","TheOuterWorlds2-WinGDK-Shipping","4019.7","TheOuterWorlds2-WinGDK-Shipping","9202"
"2026-05-31T17:24:00","0.01","38936","0.01","0.35","2350468.1","61","40","5","10983","16376","115.94","320.00","2685","11501","P0","TheOuterWorlds2-WinGDK-Shipping","4036.8","TheOuterWorlds2-WinGDK-Shipping","9204.4"
"2026-05-31T17:24:05","0.01","38982","0.01","0","0","59","40","5","10983","16376","116.11","320.00","2685","11501","P0","TheOuterWorlds2-WinGDK-Shipping","4051.7","TheOuterWorlds2-WinGDK-Shipping","9201.2"
"2026-05-31T17:24:10","0.01","38961","0.01","0.08","299629.17","59","40","5","10814","16376","114.47","320.00","2685","11501","P0","TheOuterWorlds2-WinGDK-Shipping","4067.1","TheOuterWorlds2-WinGDK-Shipping","9202"
"2026-05-31T17:24:16","0.01","39070","0.01","0.02","40521.73","58","40","5","10782","16376","120.41","320.00","2685","11501","P0","TheOuterWorlds2-WinGDK-Shipping","4083.3","TheOuterWorlds2-WinGDK-Shipping","9084.5"
"2026-05-31T17:24:21","0.01","39060","0.01","0.03","263533.93","57","42","6","10791","16376","100.82","320.00","2685","11501","P0","TheOuterWorlds2-WinGDK-Shipping","4097.9","TheOuterWorlds2-WinGDK-Shipping","9091.8"
"2026-05-31T17:24:26","0.01","39033","0.01","0.06","308115.81","57","38","5","10791","16376","112.99","320.00","2685","11501","P0","TheOuterWorlds2-WinGDK-Shipping","4113.4","TheOuterWorlds2-WinGDK-Shipping","9088.8"
"2026-05-31T17:24:31","0.01","39063","0.01","0.01","101345.06","57","43","6","10791","16376","116.12","320.00","2685","11501","P0","TheOuterWorlds2-WinGDK-Shipping","4129.4","TheOuterWorlds2-WinGDK-Shipping","9088.9"
"2026-05-31T17:24:36","0.01","39074","0.01","0.02","12154.05","57","43","6","10791","16376","117.96","320.00","2685","11501","P0","TheOuterWorlds2-WinGDK-Shipping","4146","TheOuterWorlds2-WinGDK-Shipping","9088.9"
"2026-05-31T17:24:41","0.01","39063","0.01","0.04","121727.82","57","49","7","10791","16376","119.96","320.00","2685","11501","P0","TheOuterWorlds2-WinGDK-Shipping","4161.5","TheOuterWorlds2-WinGDK-Shipping","9089"
